date,headline,body,team,author
Jul 20 2026,DIVISIONS SET TO COLLIDE: West Prepares to Challenge Eastern Dominance,"After watching the East sweep the top spots last year—with Englewood 🥷s falling just short in 2nd place—the West Division is out for total redemption in 2026. Heavyweights like Pluto Shraazinatorz, The Watermark, and Doob's Agency are rumored to be revamping their draft boards to ensure the West reclaims league supremacy. Tensions are already boiling over across divisional lines, setting up an explosive Week 1 where early cross-divisional statement wins could define the entire playoff race.",,
Jul 20 2026,"The Watermark's Great Collapse: Best Record, Empty Trophy Case","Nobody in MFGA history has ever posted an 11-2 regular season and had less to show for it than Preston Schneider's Watermark, who face-planted in the very first round of the playoffs against Pluto Shraazinatorz, 107.32 to 95.7. This is a roster loaded for war — Jahmyr Gibbs anchoring as a keeper, Drake Maye slinging it, De'Von Achane and DeVonta Smith rounding out a nightmare matchup on paper. Instead, The Watermark limped through the consolation ladder and watched lesser teams hoist trophies. Garrett Wilson now sits on injured reserve heading into 2026, adding fresh doubt to an already cursed résumé. Book it now: this is either the best redemption arc in the league or the most talented team that just can't get out of its own way.",the-watermark,
Jul 20 2026,"Nabers In Paris Is a Ghost Town, and the Irony Is Brutal","Stephen Cerquone's Nabers In Paris authored the single worst season in league history last year — a 1-12 disaster with a league-worst 1,022 points that would make even the Chicago Zestiest Man blush. Adding insult to injury, the team's namesake, Malik Nabers, currently sits on injured reserve heading into the 2026 slate, which feels almost too poetic for a franchise that has been nothing but pain since inception. A 12-game losing streak isn't a slump, it's an identity. Unless Jared Goff and TreVeyon Henderson stage a miracle turnaround, this team may be headed for a second consecutive last-place finish. Paris was supposed to be romantic — instead, this roster is a horror film.",nabers-in-paris,
Jul 20 2026,The Amon-Ra Identity Crisis Nobody Saw Coming,"Somebody explain to Andrew Grossman why his team, literally named Amon Ra Dawgin, does not roster Amon-Ra St. Brown — because Marty Hughes' team, simply called Beer, is the one holding St. Brown alongside Lamar Jackson and Nick Chubb on the bench. That is the kind of cosmic betrayal that starts blood feuds in fantasy leagues, and MFGA should be bracing for a grudge match when these two franchises meet on the schedule. Meanwhile, Carter Cole's I ♥ Gingers roster is quietly stacked with a poetic gut-punch of its own, rostering Jordan Love, Derrick Henry, Ja'Marr Chase and Breece Hall. Sleeper alert: that Gingers squad went 9-4 a year ago and has the receiving corps to make noise deep into the winter. Rivalries in this league aren't drawn on a map, they're drawn in irony.",amon-ra-dawgin,
Jul 20 2026,"Two Hughes, One Trophy Case: A House Divided Ahead of Draft Day","Every league has a rivalry it doesn't talk about enough, and in the MFGA, it's a family one. Liam Hughes built Mount Olympus Yogurt Dressing into the league's quiet standard-bearer, an East division title in 2025 and a runner-up finish the year before it — steady, unglamorous, effective. Marty Hughes built something else entirely with Beer: an 11-2 team in 2024 that still somehow finished 8th, followed by a 4-9 collapse in 2025, the fantasy equivalent of a rollercoaster with no seatbelt. But that's not where this story begins — it begins at whatever holiday table these two sit at together, where one Hughes has a division banner and the other has an explanation. Some seasons change everything, and for the Hughes household, every season seems to change something. Draft day on August 1st will put both of their names on the board within minutes of each other, a coincidence that stopped being a coincidence years ago. And in the end, the league remembers who's actually winning at Thanksgiving — even if the standings say something else.",,Valentina Rojas
Jul 20 2026,Power Rankings Nobody Asked For: The Worst Team Names in the MFGA,"It's time for the only power rankings that matter: worst team names in the MFGA, a category that is somehow more competitive than the actual standings. VancouverPantiesDeJarome remains undefeated in the ""wait, what?"" division, and I refuse to explain it because I still don't understand it myself. Doob's Agency sounds like a guy who'll get you concert tickets but also might be a substitute teacher, and honestly both feel true. I ♥ Gingers gets bonus points for the emoji doing more character work than most fantasy rosters. Chicago Zestiest Man is out here just vibing, undefeated in the category of ""sentence that means nothing,"" and I respect the commitment. Oh, and The Watermark's in this league too, I guess — sure, fine, moving on. Sources close to the situation (me, I'm the source) confirm none of these owners will rename their teams no matter how much I beg. T-BONE'S COMPLETELY SERIOUS AND DEFINITELY ACCURATE PREDICTION: VancouverPantiesDeJarome wins the ""name that ages worst"" award again in 2026, and no, I will not be taking questions.",vancouver-panties,"Tommy ""T-Bone"" Mancini"
Jul 20 2026,From Worst to First: Fort Bragg Proved Records Are for Losers,"Fort Bragg Confederates finished in 14th place in 2024 at 4-9. This would have been dead last in the current 14-team format. One year later, Harrison Bragg's club is hoisting the MFGA trophy. That's not luck. That's a franchise that got hungry after getting embarrassed. The Watermark went 11-2 in the regular season and still watched someone else win it all; you don't win championships with a soft schedule, you win them when it matters. Mark my words: Bragg's crew didn't stumble into this, and they're not going to back into a title defense either. Pakistan Bombers, meanwhile, have gone from 2023 champs to back-to-back non-playoff seasons; that's a Monday morning quarterback situation if I've ever seen one. The draft room on August 1st will separate the pretenders from the contenders. And that's not a prediction; that's a promise.",fort-bragg,"Rick ""The Hammer"" Dalton"
Jul 20 2026,11-2 and Home Early: What The Watermark's Collapse Really Tells Us,"Let's talk about The Watermark's 2025 season, because the record lies even when the model doesn't: 11-2, best mark in the league, +17.8 differential, and a final finish of 5th after the playoff bracket ate them alive. That's a textbook case of ceiling versus floor, great regular season efficiency, poor postseason variance capture. Fort Bragg Confederates, by contrast, posted a modest 9-4 and still walked away champions. Could this have been a fluke? Pakistan Bombers have now posted back-to-back seasons in the 5-8 range after their 2023 title, a two-year regression that the model projects continuing unless there's a real roster overhaul at the draft table. Mount Olympus Yogurt Dressing has been schedule-adjusted excellent in back-to-back years, 2nd in 2024, East champs in 2025, which is the most quietly sustainable profile in the league. The data is clear: this league rewards playoff-week performance far more than full-season dominance. Maya's Model says: The Watermark has a 61.4% chance of a top-3 regular season finish again, but only a 22.8% chance of converting it into a title. Regression is coming, and it's bringing friends.",the-watermark,Maya Chen
Jul 20 2026,1-12 and Invisible: Nabers In Paris and the Gingers Nobody's Talking About,"Somebody tell Stephen Cerquone that 1-12 is not a typo, because Nabers In Paris just posted the worst season in this league's recorded history?! Are we really supposed to believe that's just ""bad luck,"" or is this a full-on identity crisis?! Meanwhile I ♥ Gingers quietly went 9-4 and NOBODY is talking about them — Carter Cole, I see you, and I don't know why this league is sleeping! You want me to believe a 9-4 team just gets skipped over in every conversation while everybody's busy crying about The Watermark?! That's not a team getting disrespected, that's a robbery in broad daylight! Cerquone better show up to this draft with something to prove, because the group chat has not let this go. SHOWTIME'S SPICY TAKE: Nabers In Paris either goes full teardown or gets embarrassed again, there is no in-between. AND I SAID WHAT I SAID.",nabers-in-paris,"DeShawn ""Showtime"" Harris"
Jul 20 2026,The Hardest Repeat in Fantasy: Amon Ra Dawgin's Title Defense Autopsy,"Let's talk about the hardest thing to do in this league: defending a title. Amon ra dawgin won it all in 2024 as Coopa troopas, then followed it up with a 5-8 season that didn't sniff the playoffs. The question isn't whether Andrew Grossman got complacent — the question is whether a championship roster built for one specific year can simply be run back as-is. If the strategy last year was ""the roster is good enough,"" this draft needs to be a correction, not a continuation. If it was bad injury luck or a soft landing spot, the fix is smaller than people think. Let's look at this from both sides: over-drafting for name recognition from a title run is a common trap, but so is panic-trading a core that was one break away from repeating. Claire's Verdict: Amon ra dawgin's draft-day approach on August 1st will tell us more about their self-awareness than their talent evaluation. The draft is a marathon — act accordingly.",amon-ra-dawgin,Claire Westbrook
Jul 30 2026,"Fort Bragg Just Sold the Farm, and Englewood Is Laughing All the Way to the Bank","The Fort Bragg Confederates have officially traded the first overall pick in Saturday's draft to the Englewood Ninjas. In return, Fort Bragg receives picks 2.13 and 5.2. Let me be absolutely clear about what just happened. Fort Bragg gave away the most valuable asset in this entire draft — the number one pick, the crown jewel, the thing every franchise in this league would kill for — and got back the second-to-last pick in the first round and an early fifth. That's not a trade. That's a surrender. I've been covering this league long enough to know what desperation looks like. Fort Bragg already traded away their third-round pick to Pluto Shrazz and their fifth to Nabers in Paris earlier this offseason. Now they're punting the first overall? This is a franchise in free fall. Three premium picks gone and nothing but scraps to show for it. The Ninjas, meanwhile, just pulled off the heist of the decade. They now hold the first overall pick. That's how you build a dynasty. That's how you win championships. The keeper deadline is noon Friday. The draft is Saturday at noon. Fort Bragg has two days to convince themselves this was smart. Mark my words — by Week 6, Bragg will be staring at 1-5 wondering where it all went wrong. And that's not a prediction. That's a promise.",fort-bragg,"RICK ""THE HAMMER"" DALTON"
Jul 30 2026,The Achane Situation: Why the Numbers Say Pluto Should Walk Away,"The De'Von Achane trade talks between The Watermark and Pluto Shraazinatorz are at an impasse, and the model thinks that might be the best outcome for Pluto. Achane finished 2025 as a top-five back in per-game PPR scoring, but the 2026 context is materially different. Miami hired Jeff Hafley and Bobby Slowik, replacing the McDaniel system that generated 85 targets for Achane last season. Malik Willis takes over at quarterback. Willis's career check-down rate sits at 14.3%, nearly 9 points below Tua Tagovailoa's. The model projects Achane's reception total dropping from 67 to somewhere between 41 and 48 — a reduction that shaves roughly 3.2 PPR points per game off his floor. Doob's Agency pulling out of talks is significant. With only one bidder remaining, The Watermark has zero leverage to demand premium compensation, yet sources say they're still pushing for more. That's a negative expected value negotiation posture with 36 hours until the keeper deadline. The keeper deadline is Friday at noon. If The Watermark can't close by then, Achane stays put and becomes a draft-day asset instead — where his value will be lower because every manager in this league can read a depth chart change. Maya's Model says: Pluto Shraazinatorz should offer 8% less than whatever their current bid is, not more. There's a 71.4% chance The Watermark blinks before Friday.",pluto-shraazinatorz,MAYA CHEN
Jul 30 2026,CHICAGO ZESTIEST MAN TOLD FORT BRAGG TO KICK ROCKS AND I AM HERE FOR IT ???,"You want to know the funniest thing I've heard all week? Fort Bragg — the same Fort Bragg that just GAVE AWAY the first overall pick to Englewood for pennies — had the AUDACITY to go to Chicago Zestiest Man and propose a first round pick swap where CZM would have to attach TWO sixth round picks just to move up. ARE YOU SERIOUS RIGHT NOW?! And you know what CZM said? Told him to kick rocks. KICK. ROCKS. I wish I could frame that text message and hang it in the MFGA Hall of Fame because that is the most disrespectful rejection I have ever seen in this league and Bragg DESERVED every bit of it! Meanwhile, Englewood just finessed the first pick in the entire draft. Drew Flynn said ""give me your lunch money"" and Harrison Bragg said ""yes sir, would you also like my jacket?"" I cannot believe what I'm watching! And speaking of moves people will regret — Amon Ra Dawgin quietly switched their keeper from Quinshon Judkins to Omarion Hampton. Nobody's talking about this! Hampton is heading into a McDaniel offense with no competition for touches! That might be the smartest move anyone in the West has made all month! SHOWTIME'S SPICY TAKE: Fort Bragg finishes last in the East. Dead last. Save this tweet. AND I SAID WHAT I SAID.",chicago-zestiest,"DESHAWN ""SHOWTIME"" HARRIS"
Jul 30 2026,Inside the Amon Ra Keeper Switch — And Why It Tells You Everything About the West Division,"Amon Ra Dawgin made a quiet but significant move this week, switching their keeper from Quinshon Judkins to Omarion Hampton. On the surface, it's a lateral move between two second-year backs. Below the surface, it reveals a sophisticated read on offensive scheme. The question isn't whether Judkins or Hampton is the better pure runner — the question is which player's situation improved more this offseason. Hampton now plays in Mike McDaniel's offense in Los Angeles, the same system that produced top-five PPR seasons for Raheem Mostert and Achane in Miami. McDaniel's outside-zone scheme generates receiving work for the lead back at an elite rate. Judkins, meanwhile, plays behind a Cleveland offensive line that lost two starters and has Shedeur Sanders learning on the job at quarterback. It's a process move, not a talent move. And those are the ones that pay off in December. Separately, the Fort Bragg–Englewood trade deserves context beyond the initial reaction. Fort Bragg now holds 2.13 and 5.2 from this deal, plus Pakistan Bombers third-round pick, giving them three selections in the top 60. If they're targeting a specific tier of player rather than a single name, the math works — three solid starters can outproduce one elite player over a full season. The risk is obvious: elite talent wins playoffs, depth wins regular seasons. Claire's Verdict: Amon Ra made the smarter move this week. The Englewood-Fort Bragg deal is more interesting than it looks at first glance, but Englewood still won it.",amon-ra-dawgin,CLAIRE WESTBROOK
Jul 30 2026,Achane Trade Talks Stall Because Of Course They Do,"Breaking news from the MFGA trade wire: The Watermark and Pluto Shraazinatorz have been in talks to send De'Von Achane to Pluto, but the deal has stalled because — and I quote — The Watermark ""wants just a little more."" A little more WHAT? A little more of Pluto's dignity? A commemorative coin? A handwritten apology letter? These talks have been going on long enough to qualify as a long-term relationship and somehow they still can't agree on terms. Doob's Agency already saw this coming and pulled out of negotiations entirely, which is the smartest thing anyone named Doob has ever done. The keeper deadline is Friday at noon. The draft is Saturday. We are now in ""or else"" territory. Either this trade happens in the next 36 hours or Achane goes to the draft pool and The Watermark gets nothing. I mean someone has to finish deadlast. Sources close to the situation (me, I'm the source) confirm that Pluto Shraazinatorz has been refreshing their group chat every four minutes waiting for a counter-offer. That's not a bit. That's real. T-BONE'S COMPLETELY SERIOUS AND DEFINITELY ACCURATE PREDICTION: The trade gets done at 11:58 AM Friday, two minutes before deadline, because this league cannot do anything without maximum chaos. And no, I will not be taking questions.",the-watermark,"TOMMY ""T-BONE"" MANCINI"
Jul 31 2026,DEEBO'S REVENGE TOUR JUST STARTED AND YOUR DRAFT BOARDS ARE ALREADY WRONG,"OH YOU THOUGHT THE DAY BEFORE THE DRAFT WAS GONNA BE QUIET?! DEEBO SAMUEL JUST WALKED BACK INTO SAN FRANCISCO LIKE HE NEVER LEFT AND EVERY SINGLE ONE OF YOU NEEDS TO TEAR UP YOUR CHEAT SHEETS RIGHT NOW! This man DEMANDED a trade out of the 49ers, went to Washington, put up numbers on a 5-12 dumpster fire, and now he's back with Kyle Shanahan who turned him into a WEAPON?! And Pearsall's knee is DONE?! And Kirk is hobbling around on one leg?! Deebo might be the WR2 on this team behind Mike Evans by WEEK ONE! I called it when I said this league needs to stop sleeping on value — remember when I told y'all I ♥ Gingers went 9-4 and NOBODY was talking about them?! This is the same energy! Deebo at his current draft price is I ♥ Gingers 2.0 — everyone ignoring him while he quietly becomes a league winner! And don't even get me started on Stefon Diggs. Bro. It's JULY 31ST. Training camps are OPEN. The draft is TOMORROW. And this man does not have a TEAM. The Patriots took him to the SUPER BOWL and then said ""thanks but no thanks."" The Commanders are reportedly interested but reportedly interested has bought exactly ZERO fantasy points in the history of this league! If anyone in the MFGA drafts Diggs before Round 12 tomorrow I will personally roast them in next week's column!",,"DESHAWN ""SHOWTIME"" HARRIS"
Jul 31 2026,TWEET,"Pearsall PCL — 67.3% chance he misses 8+ games. Deebo's projected target share in that scenario jumps to 18.7%. At his current ADP he's a massive value. Diggs? The model can't project a player without a team, and that IS the projection. Draft accordingly.",,MAYA CHEN
Jul 31 2026,"Deebo Goes Home, Diggs Goes Nowhere, and Tomorrow's Draft Just Got Spicier Than Chicago Zestiest Man's Nickname","So let me get this straight. Deebo Samuel — the man who literally demanded to leave San Francisco, got traded to Washington, watched them go 5-12, and then hit free agency — just signed BACK with the 49ers like nothing happened. That's not a free agent signing, that's a Hallmark movie. ""The Receiver Who Came Home for Christmas."" Except it's July and the only gift is $7 million in incentives. I'm not gonna lie though, this is actually a sneaky great fantasy pickup for anyone paying attention. Pearsall's knee is basically a science experiment at this point, Kirk's calf is doing its own thing, and suddenly Deebo is the second option in a Kyle Shanahan offense with Brock Purdy throwing to him. If someone in our league grabs him after Round 9 tomorrow, that person is winning the trade nobody made. And then there's Stefon Diggs, the most talented unemployment case in football history. This man went to the SUPER BOWL five months ago. He caught 85 balls for over a thousand yards. He was found not guilty. And he STILL can't get a job. That's like being employee of the month at a company that then fires you and shreds your parking pass. Oh, and since we're talking about teams with questionable decision-making — quick shoutout to whoever's managing certain franchises in the West division. I hear some teams went 11-2 and still managed to choke their way out of playoff contention. Sure, that's probably fine. Good for them. Moving on. Sources close to the situation (me, I'm the source) confirm that at least three MFGA managers have already texted the group chat asking ""should I draft Deebo?"" which means he's going to go in Round 6 because this league panics at every piece of news like it's a stock market crash.",,"TOMMY ""T-BONE"" MANCINI"
Jul 31 2026,TWEET,"Draft is tomorrow and Deebo Samuel just landed back in San Francisco with Pearsall likely done for the year. If Samuel is available past Round 10 in your league, your league is asleep. Meanwhile Diggs is still sitting by the phone. The tape doesn't lie — and neither does an empty contract. You heard it here first.",,"RICK ""THE HAMMER"" DALTON"
Aug 2 2026,Pour One Out for Beer — Miles Hughes Just Named His Team After a Hockey Player,"So I'm scrolling through the league page this morning, half awake, coffee in hand, and I see a team called ""Pavel Dorofeyev"" sitting at 0-0-0. I stare at it. I blink. I put the coffee down. I pick it up again. Still there. Miles Hughes killed Beer. The man walked into the MFGA dashboard, looked at a perfectly good team name — one word, universally beloved, the only team in this league that everyone could agree was at least pleasant to say out loud — and replaced it with a Vegas Golden Knights winger that maybe eleven people on this planet can spell without autocorrect. I called three different league members to confirm this was real and not a fever dream. Two of them didn't know who Pavel Dorofeyev was. The third one said ""isn't that a chess player?"" It is not a chess player, for the record. He scores goals. In hockey. Which is a sport we do not play here. The rebrand changes nothing about the roster, by the way. Same Kyren Williams. Same TreVeyon Henderson. Same collection of running backs that look like Miles raided a clearance sale at the RB Warehouse. The only difference is that now when you lose to this team, you have to tell your friends you got beat by Pavel Dorofeyev, and then spend forty-five seconds explaining who that is. What kills me is this league already has a team called VancouverPantiesDeJarome and somehow THIS is the name that broke my brain. Meanwhile, I notice certain West division teams with aquatic-themed names have been real quiet this offseason. No rebrands. No trades. No moves. Just vibes. Must be nice to have that kind of confidence after, you know, however last season ended for them. I'm sure it's fine. T-BONE'S COMPLETELY SERIOUS VERDICT: Pavel Dorofeyev is either the greatest rebrand in MFGA history or the worst, and there is absolutely no middle ground. Either way, RIP Beer. You were the only team name I never had to explain to my mom.",beer,"TOMMY ""T-BONE"" MANCINI"
Aug 2 2026,Pakistan Bombers Built a War Machine and Nobody in This League Is Ready,"I've been wrong before. Not often, but it happens. What I have never been wrong about is recognizing a team that came to a draft with a plan and executed it without flinching. Pakistan Bombers did exactly that yesterday. Bijan Robinson and Ashton Jeanty as your starting running backs. Let that marinate. Two bell-cow backs in a 14-team league — one who finished as the RB1 overall and one who the Raiders are handing 300 touches to as a sophomore. Behind them sits Aaron Jones, who would be a starter on half the rosters in this league. That's not depth. That's intimidation. Jalen Hurts gives you 25 points on a bad day. A.J. Brown and DeVonta Smith are a proven stack with different quarterbacks now, sure, but they're both alpha receivers on their respective teams. Zay Flowers and Terry McLaurin are your WR3 and WR4. On most rosters in this league, those are starters. Here they're insurance. The weakness? Tight end. Colston Loveland is young, and young players at that position historically need some time to develop in fantasy. Cade Otton isn't exciting anyone. But when your running back room could outscore entire rosters on its own, you can survive a soft TE slot. I'll say this once: the East Division runs through Islamabad this year. Fort Bragg won the title last year, and good for them. But defending champions don't get to coast when someone in their own division just assembled the best RB tandem this league has ever seen.",pakistan-bombers,"Rick ""The Hammer"" Dalton"
Aug 2 2026,"The Roster Construction Tiers: Who Built for Ceiling, Who Built for Floor","I spent the morning running every roster through the projection model, and what came back split the league cleanly into three tiers. Tier 1 — Championship-caliber construction: Pakistan Bombers, I Heart Gingers, VancouverPantiesDeJarome, Doob's Agency. These four rosters share a common trait: elite positional anchors paired with depth that doesn't crater if one player goes down. I Heart Gingers deserves particular attention — Ja'Marr Chase and Tee Higgins give Carter Cole the highest-upside receiver pairing in the league, and he backed it with three startable running backs in Brown, Stevenson, and Dobbins plus two top-12 tight ends in LaPorta and Kittle. That's not a roster, that's a buffer overflow. Tier 2 — Competitive with structural risk: Englewood Ninjas, Pluto Shraazinatorz, Mount Olympus, The Vile Horrendous. Good starters, thin depth. Mount Olympus has McCaffrey and Hall at running back, which is elite, but Liam Hughes left the draft without a defense or kicker. That's not negligence — it's a calculated gamble to load up at skill positions and stream the rest. The model says it works 54.2% of the time. Flip a coin. Tier 3 — Structural concerns: The Watermark, Amon Ra Dawgin, Fort Bragg, Beer/Pavel Dorofeyev, Nabers In Paris, Chicago Zestiest Man. The reasons vary. The Watermark has Gibbs but built nothing around him — Olave's target share is declining, Wan'Dale Robinson is a PPR floor play with no ceiling, and Jadarian Price is one Kenneth Walker snap away from irrelevance. Amon Ra Dawgin paired Justin Jefferson with a quarterback room of Trevor Lawrence, which projects to a 12.6% lower target efficiency than Jefferson saw with Sam Darnold last year. Chicago Zestiest Man rostered two low-tier quarterbacks and no proven RB1. That's not a roster, that's a hypothesis. One number that jumped off the screen: Beer has seven running backs. Seven. Miles Hughes is either running a trade shop or genuinely confused about roster limits. The model projects he'll trade at least two before Week 3. Maya's Model says: Pakistan Bombers have a 23.4% chance of winning the championship, highest in the league. Chicago Zestiest Man has a 1.8% chance, lowest.",,Maya Chen
Aug 2 2026,The Vile Horrendous Just Had the Quietest Great Draft in MFGA History,"Everyone in this league is talking about the Bombers. Everyone's talking about the Gingers. Nobody — and I mean NOBODY — is talking about what Evan Brockway just did with The Vile Horrendous, and that is a crime against fantasy football discourse. James Cook finished as a top-6 back last year. Jeremiyah Love is the rookie everyone wanted but nobody could reach for. Garrett Wilson, Malik Nabers, and Rome Odunze are all 24 or younger — that's a receiver room that's going to get BETTER every single week as the NFL season progresses. And oh by the way, Travis Kelce is still Travis Kelce. The man catches 80 balls in his sleep. This is the team that has gotten ZERO coverage from this news desk all offseason. Zero articles. Zero hot takes. Zero predictions. And Evan is sitting there building a roster in silence while everyone else fights over headlines. That's the most dangerous kind of team — one that nobody's watching. You know who else nobody watched last year? Fort Bragg. And they won the whole thing. On the flip side — Stephen Cerquone, my brother, what are we DOING with Nabers In Paris? Blake Corum? James Conner? RACHAAD WHITE?! That's not a running back room, that's a retirement home. Puka Nacua is going to put up 22 points a week and it won't matter because your RBs are combining for 14. And you don't even have a KICKER drafted. A kicker! Those are free points that fall from the sky and you said no thank you! Fort Bragg hoarding three quarterbacks is the most Harrison Bragg thing I have ever seen. Kyler Murray, Patrick Mahomes, AND Cam Ward. Pick one! The other two are eating roster spots that could be actual football players! Meanwhile Tyreek Hill is on your team without a team — that's either genius or madness and history will be the judge!",vile-horrendous,"DeShawn ""Showtime"" Harris"
Aug 2 2026,Three Draft Strategies That Will Define the 2026 Season,"Every draft tells a story about how each manager sees the game. This year, three distinct philosophies emerged that are worth examining. The Anchor Strategy — I Heart Gingers and Pakistan Bombers. Both Carter Cole and Lucas Fawcett built their rosters around positional scarcity. They identified the positions where the drop-off between tiers is steepest — RB1 and WR1 — and invested their premium picks there. Cole ended up with the Bengals passing stack of Chase and Higgins, which is a correlation play that pays off massively in weeks where Cincinnati's offense clicks. The risk, naturally, is that a single bad Bengals game craters both your WR1 and WR2 simultaneously. Fawcett took the opposite approach at receiver, diversifying across four different offenses. Both strategies are defensible for different reasons. The Stream-and-Stack Strategy — Mount Olympus and Amon Ra Dawgin. Liam Hughes and Andrew Grossman both left the draft without kickers, defenses, or both. This isn't an oversight — it's a deliberate choice to maximize the value of every draft pick on skill players, then stream the replaceable positions week to week. The question isn't whether it's smart in theory — it is. The question is whether they'll maintain the discipline to make the right waiver moves every Tuesday morning for 14 weeks. Most managers who plan to stream end up panicking and holding a defense through their bye week. Discipline is a skill, and not everyone has it. The Asset Accumulation Strategy — Beer/Pavel Dorofeyev. Miles Hughes drafted seven running backs and Marvin Harrison Jr. This isn't a roster built to win Week 1 — it's a roster built to trade. Hughes is betting that injuries and underperformance across the league will create a seller's market for his depth pieces by Week 4. Kyren Williams, David Montgomery, and Chuba Hubbard all have standalone value but also serve as currency. If he can convert two of those backs into a top-20 receiver, this roster transforms from confusing to contending. Claire's Verdict: The best draft in the league was I Heart Gingers — elite anchors at every position, built-in upside through the Bengals stack, and two top-12 tight ends providing weekly flexibility. The riskiest was Chicago Zestiest Man, which bet heavily on youth at quarterback without a safety net at running back. Trey McBride can't carry a roster alone, no matter how good he is.",,Claire Westbrook
Aug 2 2026,I Graded Every Roster by How Much I'd Trust Them to Watch My Dog,"Look, anyone can give you a letter grade. A-minus here, C-plus there. Boring. Instead, I've ranked every MFGA roster by whether I'd let them dogsit for my golden retriever, Captain Biscuit. Captain B deserves only the best. Would trust completely: Pakistan Bombers, I Heart Gingers. These rosters show responsibility, planning, and the kind of foresight that says ""yes, Captain Biscuit will be walked twice and given his evening treat at exactly 7pm."" Bijan Robinson and Ashton Jeanty is the fantasy equivalent of a home security system. Nothing bad is getting through that door. Would trust but would text to check in: Doob's Agency, VancouverPantiesDeJarome, Englewood Ninjas. Solid. Reliable. Probably wouldn't forget to feed him. Saquon and Kenneth Walker is a grown-up running back room. CeeDee and DK is a grown-up receiver room. These are functioning adult rosters. Would trust only if no other option: Pluto Shraazinatorz, Mount Olympus, The Vile Horrendous. There's talent here but also red flags. Pluto drafted Derrick Henry, who is roughly 347 years old in running back years. Mount Olympus forgot to draft a defense. The Vile Horrendous has Travis Kelce, who at this point is basically a tight end-shaped memory of a tight end. Captain Biscuit might survive the weekend but I'd worry. Absolutely not. Captain Biscuit is staying home: Nabers In Paris, Chicago Zestiest Man, Amon Ra Dawgin, Fort Bragg. Stephen Cerquone's running back room of Blake Corum and James Conner is the fantasy equivalent of leaving the stove on. Zach Ehrig started two rookie QBs. Andrew Grossman has Justin Jefferson throwing to Trevor Lawrence, which — wait, I mixed that up, but you know what, it doesn't matter because it's bad either way. And Fort Bragg is out here with three quarterbacks like they're running a QB daycare center instead of a fantasy team. Oh, and I nearly forgot — there's also a team in the West that kept Jahmyr Gibbs, which was a fine move, and then surrounded him with Jadarian Price and Wan'Dale Robinson, which is the roster-building equivalent of buying a Ferrari and then putting bicycle tires on it. Interesting choices. Very bold. I'm sure it'll work out great for them. Probably.",,"Tommy ""T-Bone"" Mancini"
Aug 2 2026,"Fourteen Drafts, Fourteen Declarations","There's a particular kind of silence that fills a draft room after someone makes a pick that changes everything. It's not surprise — it's recognition. The room understands, without anyone saying it, that someone just announced who they intend to be. Carter Cole announced it loudest. Not with volume — Cole doesn't operate that way — but with the cold precision of a manager who walked into the draft knowing exactly which names he needed and exactly when they'd fall to him. Ja'Marr Chase was the declaration. Tee Higgins was the confirmation. Chase Brown in the same backfield pipeline was the exclamation point. Three Bengals in one roster isn't a coincidence, it's a conviction — a belief that Cincinnati's offense will be the engine that drives a championship. Two top-tier tight ends in LaPorta and Kittle means he never has to choose between floor and ceiling at the position. He just plays whoever has the better matchup and moves on. I Heart Gingers was 9-4 last year and nobody talked about it. They'll talk about it this year. On the other end of the emotional spectrum sits Andrew Grossman, staring at a roster that has Justin Jefferson — arguably the best receiver in football — and no clear path to getting him the ball efficiently. Trevor Lawrence has always been the quarterback people believe in more than the numbers justify. He's the hope pick, the ""maybe this year"" selection. And maybe this year is the year. But Grossman also loaded his bench with five running backs most people haven't heard of, which is either a masterclass in finding diamonds or the behavior of someone throwing darts at a board after Round 6. Miles Hughes drafted seven running backs. Seven. If you'd walked past his draft station at pick 10 and glanced at his roster, you'd think the app was glitching. But there's a logic underneath the chaos that most people won't see until October: Hughes isn't building a lineup, he's building a trade portfolio. Every one of those backs has value to a team that loses a starter to injury. He's not playing fantasy football — he's playing fantasy venture capital. Amon-Ra St. Brown and Marvin Harrison Jr. ensure that when the trades start flowing, he'll have blue-chip assets on both sides of the ledger. And then there's Nabers In Paris. Stephen Cerquone has now gone through two consecutive drafts where the roster reads like a prayer more than a plan. Puka Nacua is electric, and Tucker Kraft has breakout written across his stat line. But the running back room is held together with tape and optimism, and the quarterback situation — Matthew Stafford and Malik Willis — feels like choosing between a library book that's overdue and one that's written in a language you're still learning. But that's what drafts are, in the end. Declarations of faith. Every pick says: I believe in this player, in this situation, in this version of the future. Some of those futures will arrive exactly as imagined. Others will unravel by Week 3. Fourteen managers made their declarations yesterday. Now the season decides which ones were prophecies and which ones were prayers.",,Valentina Rojas
Aug 2 2026,Trade Block Alert: Pollard and Olave on the Move,"Fort Bragg is shopping Tony Pollard — Jacobs and Judkins have those starting spots locked, so Pollard's the expensive bench piece Harrison Bragg needs to flip before he loses value. If you need an RB2, make the call now because this price goes up the second someone's starter tears an ACL in Week 2. Meanwhile, The Watermark is dangling Chris Olave, which tells you everything you need to know about how Preston feels about this roster right now. You don't shop your best receiver in August unless you're already in trouble. Two sellers, fourteen teams watching. Somebody make a move.",fort-bragg,"DESHAWN ""SHOWTIME"" HARRIS"
Aug 3 2026,"The Bombers Just Went All-In on Puka Nacua, and Stephen Cerquone Got Fleeced","Lucas Fawcett picked up the phone last night and called Stephen Cerquone. By the time he hung up, he had Puka Nacua on his roster and Cerquone was holding three players that won't combine to match Nacua's output. Let me spell out what happened. Pakistan Bombers sent A.J. Brown, Terry McLaurin, and Aaron Jones to Nabers In Paris. In return they got Nacua and Kenyon Sadiq. That's two top-25 receivers and a startable running back for the best receiver in the deal and a tight end nobody's starting. Fawcett already had Bijan Robinson, Ashton Jeanty, DeVonta Smith, and Zay Flowers. Now he adds Puka Nacua — a receiver who put up 105 catches last season — to a roster that was already the best in the East. He didn't need to make this trade. He wanted to. There's a difference between improving your team and putting your foot on the league's throat, and this was the second one. Cerquone got three names. Fawcett got the best player. I know which side of that I want.",pakistan-bombers,"RICK ""THE HAMMER"" DALTON"
Aug 3 2026,Waiver Wire Data Dump: Two Teams Filed Five Claims and One of Them Shouldn't Have Bothered,"The first waiver cycle of the season processed 22 claims across 10 teams. Two teams filed five claims each: The Vile Horrendous and The Watermark. That's where the similarities end. Evan Brockway's Vile Horrendous added MarShawn Lloyd, Adonai Mitchell, and Cyrus Allen — all players with projected snap shares above 40% in their respective offenses. Lloyd slides into the Green Bay backfield behind Josh Jacobs, Mitchell has been running with the first-team Jets offense since Garrett Wilson went to... well, Brockway already has Wilson. The fifth claim was two kickers, Nick Folk and Cam Little, which suggests he's streaming the position. Smart process, clean execution. The Watermark filed five claims as well: David Njoku, Calvin Ridley, Braelon Allen, Eli Stowers, and De'Zhaun Stribling. Ridley is 31 with declining separation metrics. Stowers is a third-string tight end. Stribling has nine career receptions. Three of these five players project below replacement level in a 14-team format. That's not roster construction — that's a grocery run where you forgot the list and just grabbed whatever was closest to the register. Elsewhere: Pluto Shraazinatorz quietly added Justice Hill; he was targeted by Doob—s Agebcy, The Vile Horrendous, and the Pakistan Bombers. He has standalone PPR value as Derrick Henry's pass-catching complement in Baltimore. That's the waiver pickup nobody's talking about and the one most likely to matter in December.",pluto-shraazinatorz,MAYA CHEN
Aug 3 2026,The Nacua Trade Through Both Lenses — And Why Cerquone's Logic Isn't as Bad as It Looks,"The instinct is to call this a robbery. Three players for one. The best player goes to the team that was already dominant. But let's slow down and consider what each manager was actually solving for. Pakistan Bombers had a surplus of mid-tier receivers and a roster with no weaknesses. Fawcett's calculation was straightforward: consolidate three roster spots into one elite asset and use the freed space on the waiver wire. He immediately added Ray Davis, Samaje Perine, and Germie Bernard as free agents after the trade — that's three lottery tickets that didn't cost him a draft pick. The net result is a roster that upgraded from WR6-to-WR12 range at its top receiver slot to a genuine WR2 overall in Nacua, while maintaining depth through free agency adds. Cerquone's side is harder to defend but not illogical. Nabers In Paris had Puka Nacua and almost nothing else. His running back room of Blake Corum and James Conner was the thinnest in the league. Now he has Aaron Jones as an immediate RB2 upgrade, A.J. Brown as a WR1-caliber replacement for Nacua, and Terry McLaurin as a flex option with WR2 upside. He traded one piece for three, and his roster went from having one star surrounded by emptiness to having four competent starters. The question for Cerquone is whether competent is enough. Brown at 29 with Drake —The Schedual— Maye throwing to him in New England is not the same player he was in Philadelphia. McLaurin with Jayden Daniels was a borderline WR1; McLaurin with whoever starts in Washington this year is a question mark. Jones is 31 and hasn't been a top-20 back since 2023. Claire's Verdict: Fawcett won the trade. But Cerquone's roster is more functional today than it was yesterday, and for a team that went 1-12, functional might be the point.",nabers-in-paris,CLAIRE WESTBROOK
Aug 3 2026,Harrison Bragg Cut Tyreek Hill for Darnell Mooney and I'm Going to Need a Minute,"I want everyone to pause what they're doing and absorb the following sentence: the defending league champion dropped a six-time Pro Bowl receiver for a guy whose career highlight is being the fourth option on the Giants. Tyreek Hill. Waived. Nobody claimed him. He's sitting in the free agent pool right now like a Ferrari in a junkyard. I am not saying he's going to sign with an NFL team tomorrow, but I am saying that if he does, everyone who passed on him is going to pretend they ""almost"" put in a claim. You didn't. I checked. On the waiver wire front, it was absolute chaos. Twenty-two transactions in one batch. Two teams — The Vile Horrendous and another West division team whose name escapes me at the moment — both filed five claims each. Evan Brockway came out of it with actual football players. The other team came out of it with De'Zhaun Stribling and Eli Stowers, which are names I definitely just made up. Oh wait, they're real? My condolences. The Bombers also spent the post-trade afterglow scooping up Ray Davis, Samaje Perine, and Germie Bernard from free agency at 4 AM. Lucas Fawcett wasn't sleeping. He was hunting. This man traded three players, got Puka Nacua, and then immediately filled all three empty roster spots before anyone else's alarm went off. That's not a manager, that's a predator with WiFi.",fort-bragg,"TOMMY ""T-BONE"" MANCINI"
Aug 3 2026,8:06 PM: The Trade That Redrew the League,"The trade was processed at 8:06 PM on a Sunday evening. By 8:07, the group chat had seventeen new messages. Lucas Fawcett had been talking to Stephen Cerquone for the better part of a week. The names changed, the frameworks shifted, but the core of the conversation never moved: Fawcett wanted Puka Nacua, and he was willing to pay whatever it cost to get him. In the end, the cost was A.J. Brown, Terry McLaurin, and Aaron Jones — three players who, forty-eight hours earlier, were cornerstones of what most analysts had already called the league's best roster. What does it say about a manager when the best team in the league still isn't good enough? Fawcett didn't make this trade because he was desperate. He made it because he saw a ceiling that three good players couldn't reach but one great one could. There's a ruthlessness in that calculation that separates managers who win regular seasons from managers who win championships. For Cerquone, the trade is something different entirely. After a 1-12 season that emptied whatever reserves of optimism a fantasy manager carries, he woke up Monday morning with A.J. Brown, Aaron Jones, and Terry McLaurin on his roster — names that hadn't been there twenty-four hours before. His team won't be the best in the league. It won't be close. But it might not be the worst anymore, and after last year, that might be the only thing that matters. Meanwhile, the waiver wire hummed through the early hours of Monday morning. Twenty-two moves across ten teams. Fort Bragg quietly released Tyreek Hill — a name that once commanded entire draft strategies — and replaced him with Darnell Mooney. No one claimed Hill. The transaction log recorded it without commentary. But somewhere in the data, there's a story about what happens when talent ages past the point of trust, when a name stops being a guarantee and starts being a gamble nobody wants to take. Twenty-two moves. One trade. And a league that looks nothing like it did forty-eight hours ago.",,VALENTINA ROJAS
Aug 3 2026,14 Teams. 14 Weeks. 91 Games. I Called Every Single One.,"Rick 'The Hammer' Dalton here with my full 14-week season predictions for every team in the MFGA. The draft is in the books. Trades have been made. Waiver claims are filed. Now comes the part where I tell you exactly how your season is going to play out, week by week, no hedging, no maybes. I have studied every roster, every matchup, and every schedule. Top 4 in each division make the playoffs and I am telling you right now who those eight teams are. Some of you are going to disagree. That is fine. You will come around by Week 6. Let's go. || Pakistan Bombers (9-4): W1: W vs NIP | W2: L vs VPDJ | W3: W vs CZM | W4: W vs TVH | W5: L vs GING | W6: W vs MOYD | W7: W vs TWM | W8: W vs Doob | W9: L vs CPU1 | W10: W vs SRZ | W11: BYE | W12: W vs BEER | W13: W vs FBC | W14: L vs ENG - Rick says: Robinson and Jeanty are the best backfield this league has ever seen. Nacua makes this the most complete roster in the MFGA and nobody is catching them. || Pluto Shraazinatorz (7-6): W1: L vs VPDJ | W2: W vs CPU1 | W3: L vs Doob | W4: W vs CZM | W5: W vs NIP | W6: W vs BEER | W7: W vs GING | W8: L vs ENG | W9: W vs FBC | W10: L vs BOMB | W11: BYE | W12: W vs TWM | W13: L vs TVH | W14: L vs MOYD - Rick says: Josh Allen gives you a weekly floor nobody else can match. Henry is running on borrowed time but borrowed time with Allen throwing is still dangerous. || Nabers In Paris (3-10): W1: L vs BOMB | W2: W vs FBC | W3: L vs MOYD | W4: L vs GING | W5: L vs SRZ | W6: L vs TVH | W7: L vs Doob | W8: L vs BEER | W9: L vs ENG | W10: L vs VPDJ | W11: L vs TWM | W12: W vs CPU1 | W13: W vs CZM | W14: BYE - Rick says: The Brown and McLaurin trade helped but this roster is still climbing out of last year's 1-12 crater. Cerquone improved but improved and competitive are two different words. || Mount Olympus Yogurt Dressing (7-6): W1: L vs GING | W2: W vs BEER | W3: W vs NIP | W4: W vs CPU1 | W5: BYE | W6: L vs BOMB | W7: W vs TVH | W8: L vs TWM | W9: W vs CZM | W10: L vs Doob | W11: L vs VPDJ | W12: W vs FBC | W13: L vs ENG | W14: W vs SRZ - Rick says: McCaffrey and Hall is a top-5 backfield when both are upright. Liam Hughes has made the playoffs two straight years for a reason and this roster can do it again. || The Watermark (7-6): W1: L vs BEER | W2: W vs TVH | W3: W vs CPU1 | W4: W vs ENG | W5: L vs VPDJ | W6: W vs CZM | W7: L vs BOMB | W8: W vs MOYD | W9: L vs GING | W10: L vs FBC | W11: W vs NIP | W12: L vs SRZ | W13: W vs Doob | W14: BYE - Rick says: Gibbs is a top-3 back and the rest of this roster is not worthy of sharing a locker room with him. You cannot build around one player in a 14-team league and expect results. || Doob's Agency (9-4): W1: W vs TVH | W2: W vs CZM | W3: W vs SRZ | W4: W vs VPDJ | W5: W vs FBC | W6: L vs ENG | W7: W vs NIP | W8: L vs BOMB | W9: W vs BEER | W10: W vs MOYD | W11: BYE | W12: L vs GING | W13: L vs TWM | W14: W vs CPU1 - Rick says: Barkley and Walker are a punishing backfield and Burrow throws to anyone open. This is a team that gets hot in November and nobody wants to draw them in the bracket. || Englewood Ninjas (9-4): W1: W vs FBC | W2: L vs GING | W3: L vs BEER | W4: L vs TWM | W5: W vs CZM | W6: W vs Doob | W7: L vs VPDJ | W8: W vs SRZ | W9: W vs NIP | W10: BYE | W11: W vs CPU1 | W12: W vs TVH | W13: W vs MOYD | W14: W vs BOMB - Rick says: Taylor, Smith-Njigba, Waddle, and Bowers would start on any roster in this league. Flynn played the draft like a 10-year veteran and it is going to pay off. || The Vile Horrendous (6-7): W1: L vs Doob | W2: L vs TWM | W3: W vs FBC | W4: L vs BOMB | W5: BYE | W6: W vs NIP | W7: L vs MOYD | W8: L vs GING | W9: L vs VPDJ | W10: W vs CPU1 | W11: W vs CZM | W12: L vs ENG | W13: W vs SRZ | W14: W vs BEER - Rick says: Wilson, Nabers, and Odunze are all under 25 and getting better every week. The sneakiest roster in the league and the one nobody wants to face in a revenge spot. || I Heart Gingers (10-3): W1: W vs MOYD | W2: W vs ENG | W3: L vs VPDJ | W4: W vs NIP | W5: W vs BOMB | W6: W vs CPU1 | W7: L vs SRZ | W8: W vs TVH | W9: W vs TWM | W10: L vs BEER | W11: W vs FBC | W12: W vs Doob | W13: BYE | W14: W vs CZM - Rick says: Chase and Higgins is the highest-ceiling WR stack in the league. Cole went 9-4 last year when nobody was paying attention and this roster is better than that one. || Amon Ra Dawgin (3-10): W1: W vs CZM | W2: L vs SRZ | W3: L vs TWM | W4: L vs MOYD | W5: L vs BEER | W6: L vs GING | W7: W vs FBC | W8: L vs VPDJ | W9: W vs BOMB | W10: L vs TVH | W11: L vs ENG | W12: L vs NIP | W13: BYE | W14: L vs Doob - Rick says: Jefferson is the best receiver in football and Lawrence is not the QB to prove it. This team has a supercar engine strapped to a bicycle frame. || Fort Bragg Confederates (3-10): W1: L vs ENG | W2: L vs NIP | W3: L vs TVH | W4: W vs BEER | W5: L vs Doob | W6: BYE | W7: L vs CPU1 | W8: W vs CZM | W9: L vs SRZ | W10: W vs TWM | W11: L vs GING | W12: L vs MOYD | W13: L vs BOMB | W14: L vs VPDJ - Rick says: Three quarterbacks is not a strategy, it is a storage unit. The defending champs traded away picks all offseason and are going to feel every single one of those holes. || Chicago Zestiest Man (1-12): W1: L vs CPU1 | W2: L vs Doob | W3: L vs BOMB | W4: L vs SRZ | W5: L vs ENG | W6: L vs TWM | W7: L vs BEER | W8: L vs FBC | W9: L vs MOYD | W10: BYE | W11: L vs TVH | W12: W vs VPDJ | W13: L vs NIP | W14: L vs GING - Rick says: Two rookie quarterbacks and Javonte Williams as your RB1. This is the thinnest roster to walk into Week 1 in the history of this league and I stand by that. || VancouverPantiesDeJarome (11-2): W1: W vs SRZ | W2: W vs BOMB | W3: W vs GING | W4: L vs Doob | W5: W vs TWM | W6: BYE | W7: W vs ENG | W8: W vs CPU1 | W9: W vs TVH | W10: W vs NIP | W11: W vs MOYD | W12: L vs CZM | W13: W vs BEER | W14: W vs FBC - Rick says: Lamar, Achane, and CeeDee is a top-3 core in any format. If Josh P can navigate the bye weeks without a collapse this team is playing in January. || Beer/Pavel Dorofeyev (6-7): W1: W vs TWM | W2: L vs MOYD | W3: W vs ENG | W4: L vs FBC | W5: W vs CPU1 | W6: L vs SRZ | W7: W vs CZM | W8: W vs NIP | W9: L vs Doob | W10: W vs GING | W11: BYE | W12: L vs BOMB | W13: L vs VPDJ | W14: L vs TVH - Rick says: Seven running backs and Marvin Harrison Jr. on the bench is not a lineup, it is a trade binder. Hughes either makes two blockbuster deals by Week 4 or this thing falls apart. || EAST DIVISION PREDICTED STANDINGS: 1. Pakistan Bombers 9-4 (PLAYOFF), 2. Mount Olympus Yogurt Dressing 7-6 (PLAYOFF), 3. The Vile Horrendous 6-7 (PLAYOFF), 4. Beer/Pavel Dorofeyev 6-7 (PLAYOFF), 5. Nabers In Paris 3-10, 6. Fort Bragg Confederates 3-10, 7. Chicago Zestiest Man 1-12 || WEST DIVISION PREDICTED STANDINGS: 1. VancouverPantiesDeJarome 11-2 (PLAYOFF), 2. I Heart Gingers 10-3 (PLAYOFF), 3. Doob's Agency 9-4 (PLAYOFF), 4. Englewood Ninjas 9-4 (PLAYOFF), 5. Pluto Shraazinatorz 7-6, 6. The Watermark 7-6, 7. Amon Ra Dawgin 3-10 || The East belongs to Pakistan Bombers and everyone else is fighting for scraps. Mount Olympus and The Vile Horrendous are playoff locks if they stay healthy. The West is a bloodbath with four legitimate contenders and only four spots. I Heart Gingers is the best team nobody respects and they are going to make the league pay for it. Chicago Zestiest Man and Nabers In Paris are in for long winters. You heard it here first.",,"RICK ""THE HAMMER"" DALTON"
4-Aug-26,Transaction Wire,"FA SIGNING: Pakistan Bombers scoops up Kaelon Black (RB, SF) from free agency. First come first served.",pakistan-bombers,"Jake ""The Wire"" Russo"
4-Aug-26,Transaction Wire,"Pakistan Bombers parts ways with Cade Otton (TE, TB). End of the road.",pakistan-bombers,"Jake ""The Wire"" Russo"
4-Aug-26,Transaction Wire,"FA SIGNING: Chicago Zestiest Man scoops up Malik Washington (WR, MIA) from free agency. First come first served.",chicago-zestiest,"Jake ""The Wire"" Russo"
7-Aug-26,Transaction Wire,"PICKUP: Doob's Agency grabs Xavier Legette (WR, CAR) as a free agent. Smart or desperate? Time will tell.",doobs-agency,"Jake ""The Wire"" Russo"
7-Aug-26,Transaction Wire,"PICKUP: Doob's Agency grabs Ty Johnson (RB, BUF) as a free agent. Smart or desperate? Time will tell.",doobs-agency,"Jake ""The Wire"" Russo"
7-Aug-26,Transaction Wire,Free agent Cooper Kupp (SEA WR) signs with Doob's Agency. Quick hands on the wire.,doobs-agency,"Jake ""The Wire"" Russo"
7-Aug-26,Transaction Wire,"FA SIGNING: Doob's Agency scoops up George Holani (RB, SEA) from free agency. First come first served.",doobs-agency,"Jake ""The Wire"" Russo"
7-Aug-26,Transaction Wire,"PICKUP: Chicago Zestiest Man grabs Antonio Williams (WR, WSH) as a free agent. Smart or desperate? Time will tell.",chicago-zestiest,"Jake ""The Wire"" Russo"
10-Aug-26,Transaction Wire,"PICKUP: Fort Bragg Confederates grabs J.J. McCarthy (QB, MIN) as a free agent. Smart or desperate? Time will tell.",fort-bragg,"Jake ""The Wire"" Russo"
10-Aug-26,Transaction Wire,"FA SIGNING: Fort Bragg Confederates scoops up Rashod Bateman (WR, BAL) from free agency. First come first served.",fort-bragg,"Jake ""The Wire"" Russo"
10-Aug-26,Transaction Wire,Free agent Odell Beckham Jr. (NYG WR) signs with Fort Bragg Confederates. Quick hands on the wire.,fort-bragg,"Jake ""The Wire"" Russo"
12-Aug-26,Transaction Wire,"PICKUP: Nabers In Paris grabs Dominic Zvada (K, NYG) as a free agent. Smart or desperate? Time will tell.",nabers-in-paris,"Jake ""The Wire"" Russo"
12-Aug-26,Transaction Wire,"PICKUP: Nabers In Paris grabs Bryce Young (QB, CAR) as a free agent. Smart or desperate? Time will tell.",nabers-in-paris,"Jake ""The Wire"" Russo"
8/13/2026,"The September 9th Roster Report: Every Team, Every Need, Every Fix","August 13, 2026
Twenty-seven days until the season opener. I went through every roster in the league, position by position, and built an honest assessment of where each team stands, what they need, how badly they need it, and exactly how to fix it. Some of these conversations will be uncomfortable. That is the point.
JUMP TO YOUR TEAM: Pakistan Bombers | Pluto Shraazinatorz | Nabers In Paris | Mount Olympus | The Watermark | Doob's Agency | Englewood Ninjas | The Vile Horrendous | I Heart Gingers | Amon Ra Dawgin | Fort Bragg | Chicago Zestiest Man | VancouverPantiesDeJarome | Beer/Pavel Dorofeyev 
PAKISTAN BOMBERS (19 players) - NEED LEVEL: MINIMAL
This is the most complete roster in the MFGA and it is not particularly close. Jalen Hurts and Jayden Daniels at quarterback. Bijan Robinson and Ashton Jeanty at running back - the best tandem in the league by a wide margin. Puka Nacua, DeVonta Smith, Zay Flowers, Josh Downs, and Michael Wilson at receiver gives Lucas Fawcett five legitimate options every week. Colston Loveland at tight end is the only question mark as a rookie, but Kenyon Sadiq provides insurance. Two defenses (Texans and Titans) gives streaming flexibility. Kaelon Black, Ray Davis, Samaje Perine, and Germie Bernard round out the bench. The Fix: There is almost nothing to fix. If Loveland struggles early, Zach Ertz is sitting unclaimed on the fantasy waiver wire and would be a veteran plug-and-play option. This roster is built to compete from Week 1 through the championship.
PLUTO SHRAAZINATORZ (16 players) - NEED LEVEL: LOW
Josh Allen anchors the quarterback room with Bo Nix as a solid backup. The running back room is deep - Derrick Henry, Bucky Irving, Jaylen Warren, Justice Hill, and Tyrone Tracy Jr. gives Shrey five options despite Henry's age concerns at 32. Nico Collins and George Pickens lead the receivers with Carnell Tate, Darius Slayton, and Omar Cooper Jr. as depth. Oronde Gadsden at tight end is a breakout candidate in the Chargers offense but has no NFL production yet. Juwan Johnson provides a veteran fallback. The Fix: The receiver depth behind Collins and Pickens is the weak point. If Pickens has any holdout issues with Dallas, this group thins out quickly. Diontae Johnson, Keenan Allen, and Tyler Lockett are all unclaimed on the fantasy waiver wire right now and all currently on NFL rosters. Any of them would be a meaningful WR3 upgrade over Omar Cooper Jr. Otherwise this roster is well constructed.
NABERS IN PARIS (16 players) - NEED LEVEL: MODERATE
This roster has too much of some things and not enough of others. Three quarterbacks (Matthew Stafford, Malik Willis, Bryce Young) is one too many in a 1-QB league. Two kickers (Jake Bates and Dominic Zvada) is definitely one too many. That is four roster spots producing for two lineup slots, leaving two spots wasted. The receiver room is solid - A.J. Brown, Terry McLaurin, Ladd McConkey, and Jameson Williams can all contribute weekly. Tucker Kraft and Jake Ferguson give Stephen Cerquone two startable tight ends. The real problem is the running back room. Aaron Jones is 31. James Conner is 31. Blake Corum has never been a featured NFL back. Rachaad White is a backup in Washington. By Week 8, at least one of those older backs is likely dealing with a soft tissue injury. The Fix: Drop one of the kickers immediately - there is no reason to carry two. Trade or drop the third quarterback. Use those two freed roster spots to add running back depth from the waiver wire. Kareem Hunt, Antonio Gibson, and Alexander Mattison are all unclaimed and on active NFL rosters. Cerquone should also consider trading one tight end (Kraft or Ferguson) to a TE-needy team like Doob's Agency for a younger running back. The bones of this roster improved after the Nacua trade, but the running back room is a ticking clock.
MOUNT OLYMPUS YOGURT DRESSING (16 players) - NEED LEVEL: LOW
Christian McCaffrey and Breece Hall at running back is elite when healthy. Dak Prescott and Sam Darnold at quarterback is reliable. Rashee Rice, Luther Burden III, Courtland Sutton, Brian Thomas Jr., and Jayden Higgins give Liam Hughes one of the deepest receiver rooms in the league. T.J. Hockenson at tight end is a top-8 option. Chiefs D/ST and Harrison Butker complete a clean roster. Kyle Monangai, Emmett Johnson, and Isiah Pacheco provide running back depth, though none are true RB1 replacements if McCaffrey misses time. The Fix: The one move I would recommend is trading a surplus receiver (Jayden Higgins or Brian Thomas Jr.) to a WR-needy team for a higher-upside RB3. Amon Ra Dawgin has five bench running backs and needs receiver help - a Thomas-for-Coleman swap benefits both sides. Otherwise this roster is playoff-ready as built.
THE WATERMARK (18 players) - NEED LEVEL: HIGH
This is the most misallocated roster in the league. Jahmyr Gibbs is a top-3 fantasy running back. Everything around him is a problem. Four tight ends - Hunter Henry, David Njoku, Eli Stowers, and Brenton Strange - on a roster that starts one. That is three wasted bench spots producing zero points per week. The receiver room behind Chris Olave is the thinnest in the league by projected production. Calvin Ridley is 31 with declining metrics. Wan'Dale Robinson is a PPR floor play with no upside. De'Zhaun Stribling has nine career NFL receptions. Jauan Jennings and Jalen McMillan are borderline rosterable in a 14-team format. D'Andre Swift, Jadarian Price, and Braelon Allen behind Gibbs are all committee backs or backups on their respective NFL teams. The Fix: Trade two tight ends this week. Henry and Njoku both have real value - Doob's Agency has Tyler Warren as their only TE and would likely deal a bench receiver or running back for either one. Amon Ra Dawgin also only has one tight end and is desperate for roster help. Package a tight end with a bench receiver and target a legitimate WR2 in return. On the waiver wire, Diontae Johnson, Tyler Lockett, and Curtis Samuel are all unclaimed and would immediately start over Stribling or McMillan. Dropping Stowers and Strange frees two more spots for actual contributors. This roster has a top-3 RB and a starting QB in Caleb Williams but is currently constructed to finish 5-8 or worse.
DOOB'S AGENCY (18 players) - NEED LEVEL: LOW
This roster improved significantly since draft day. Joe Burrow and Jared Goff at quarterback is one of the best rooms in the league. Saquon Barkley and Kenneth Walker III lead a deep running back group that also includes Alvin Kamara, Jonathon Brooks, George Holani, and Ty Johnson - six backs total, which is one or two more than optimal. The receiver room got a major upgrade with the addition of Cooper Kupp, who joins Tetairoa McMillan, Christian Watson, Deebo Samuel, Michael Pittman Jr., Tre Tucker, and Xavier Legette. That is a deep and versatile group. The one remaining weakness is tight end - Tyler Warren is the only one on the roster. One injury and there is no replacement. The Fix: Add a backup tight end immediately. Zach Ertz, Jonnu Smith, and Gerald Everett are all unclaimed on the fantasy waiver wire. Alternatively, The Watermark has four tight ends and would almost certainly trade one for a bench running back - a Ty Johnson-for-Hunter Henry swap makes sense for both sides. The surplus of six running backs could also be trimmed by trading Holani or Johnson for tight end depth elsewhere. Doob should look for someone like Nabers who needs RB and has a surplus of TE for a trade. 
ENGLEWOOD NINJAS (15 players) - NEED LEVEL: LOW
Brock Purdy and Jacoby Brissett at quarterback. Jonathan Taylor at running back with Rico Dowdle, Brian Robinson Jr., and Tank Bigsby as depth. Jaxon Smith-Njigba and Jaylen Waddle lead the receivers with Rashid Shaheed and Chris Godwin Jr. as flex options. Brock Bowers at tight end is elite. Drew Flynn built this roster with clean efficiency. Three tight ends (Bowers, AJ Barner, Jake Tonges) is one too many, but that is a minor issue. The Fix: Trade one of the extra tight ends for a receiver or running back upgrade. Barner or Tonges could fetch a bench piece from Beer/Pavel Dorofeyev, who has seven running backs and would likely move one for positional depth. On the waiver wire, Gus Edwards and Alexander Mattison are available as RB depth. This roster has three empty spots that should be filled with upside stashes before other managers claim them.
THE VILE HORRENDOUS (19 players) - NEED LEVEL: LOW
The sleeper roster of the league. Justin Herbert at quarterback. James Cook III and Jeremiyah Love lead a deep running back room that also includes Dylan Sampson, MarShawn Lloyd, Tyjae Spears, and Mike Washington Jr. - six backs total. Garrett Wilson, Malik Nabers, and Rome Odunze at receiver are all under 25 and trending upward, with Adonai Mitchell, Cyrus Allen, and Jalen Coker as depth. Travis Kelce and Isaiah Likely at tight end provides two solid options. The only concern is Daniel Jones as the backup quarterback, who has been underwhelming at every stop. The Fix: Geno Smith is unclaimed on the fantasy waiver wire and is the starting quarterback for the Seahawks. He would be a significant upgrade over Daniel Jones as a backup. The six running backs could also be trimmed - trading Tyjae Spears or MarShawn Lloyd to a RB-needy team like VancouverPantiesDeJarome for a receiver or draft pick would improve roster efficiency. Otherwise this is a deep, young, dangerous roster.
I HEART GINGERS (14 players) - NEED LEVEL: MODERATE
The starting lineup is championship-caliber. Ja'Marr Chase and Tee Higgins is the highest-ceiling receiver stack in the league. Chase Brown, Rhamondre Stevenson, and J.K. Dobbins at running back is deep and balanced. Sam LaPorta and George Kittle at tight end means Carter Cole never has to worry about the position. Stefon Diggs recently signed with Washington, which upgrades him from a dead roster spot to a potentially startable WR3 with a real quarterback throwing to him. The critical issue remains at quarterback. Jordan Love is the only QB on this roster. One injury - one bad landing on a Thursday night, one awkward sack - and Cole is scrambling for a replacement in a 14-team league where the best unclaimed options are Geno Smith and Gardner Minshew. That is a catastrophic vulnerability on an otherwise elite roster. The Fix: Add a backup quarterback before anything else. The easiest path is a trade with Fort Bragg, who has three quarterbacks and needs to shed one. Cam Ward for a bench piece like Matthew Golden or Keaton Mitchell would solve both teams' problems instantly. If Cole does not want to trade, Geno Smith and Gardner Minshew are both available on the waiver wire right now. Pick one up today. The four empty roster spots should also be filled with upside stashes - there is no advantage to leaving spots open this close to the season.
AMON RA DAWGIN (13 players) - NEED LEVEL: CRITICAL
This is the most incomplete roster in the league by a significant margin. No defense. No kicker. One quarterback with no backup. Thirteen players on a roster that can hold 18 plus two IR spots. Five empty roster spots sitting vacant 27 days before the season opener. Justin Jefferson is arguably the best receiver in football. Davante Adams still runs elite routes at 33. Omarion Hampton projects as a top-15 back. Jayden Reed is emerging in Green Bay. Dalton Kincaid is a top-10 tight end. The talent at the skill positions is legitimate. None of it matters when two required starting positions are empty and putting up zeroes every week. Trevor Lawrence as the only quarterback is the third problem. Lawrence has not finished a full season healthy since 2022. One injury and this team has no quarterback at all - not a bad one, literally none. The five bench running backs (Rodriguez, Coleman, Singleton, Concepcion, Boston) are all deep-league dart throws with minimal standalone value. The Fix: This requires immediate action on three fronts. Step 1: Pick up a defense and a kicker from the waiver wire today. Multiple options are available. Do not overthink it. Step 2: Add a backup quarterback. Fort Bragg has three and would trade Cam Ward for almost any bench piece. Geno Smith and Gardner Minshew are also unclaimed on the waiver wire. Step 3: Fill the remaining empty spots with real contributors. Diontae Johnson, Keenan Allen, Curtis Samuel, and Kareem Hunt are all sitting on the waiver wire unclaimed right now - active NFL players that nobody in this league has picked up. Rodriguez, Concepcion, and Boston can be dropped without meaningful loss to make room. If Andrew Grossman does nothing between now and September 9th, this team finishes bottom three regardless of how good Jefferson is. The talent is there. The urgency is not.
FORT BRAGG CONFEDERATES (17 players) - NEED LEVEL: MODERATE
The defending champions have a solid core. Josh Jacobs, Quinshon Judkins, Tony Pollard, and RJ Harvey at running back is deep and balanced. DJ Moore, Mike Evans, Darnell Mooney, Jordan Addison, Odell Beckham Jr., and Rashod Bateman at receiver gives Harrison Bragg six options. Mark Andrews and Chig Okonkwo at tight end is strong. Seahawks D/ST and Ka'imi Fairbairn fill out the roster. The problem is three quarterbacks. Kyler Murray, Patrick Mahomes, and Cam Ward occupy three roster spots for one lineup slot. Two of them produce nothing every single week while sitting on the bench. Those are two spots that could hold a high-upside running back and a flex-worthy receiver. The Fix: Trade one or two quarterbacks. Murray is likely the starter. Mahomes has name value but the run-heavy Kansas City offense caps his fantasy ceiling. Ward is the youngest and cheapest chip to move. I Heart Gingers desperately needs a backup QB - Ward for a bench piece is a deal that helps both teams. Amon Ra Dawgin also needs a quarterback and has bench running backs to trade. Reducing from three QBs to one frees two roster spots for players who actually contribute to the lineup.
CHICAGO ZESTIEST MAN (17 players) - NEED LEVEL: HIGH
This roster took a hit when J.J. McCarthy was traded to another MFGA team, leaving Jaxson Dart as the only quarterback. Dart is a rookie who has not proven he can sustain fantasy production over a full NFL season. If he struggles early - and rookies often do - there is no backup plan on this roster. Zach Ehrig added extra receivers (Antonio Williams, Malik Washington) but the core issue remains: no proven QB and no true RB1. Javonte Williams, Bhayshul Tuten, Woody Marks, and Jordan Mason is a running back room without a clear lead option. Drake London is excellent but needs quarterback play to produce. Trey McBride is the best player on this roster. The Fix: The quarterback situation is urgent. Geno Smith is the starting quarterback for the Seahawks and is sitting unclaimed on the fantasy waiver wire. He would provide a proven safety net if Dart struggles. Gardner Minshew is also available. Ehrig should pick one up immediately as insurance. The eight receivers is too many - trading Xavier Worthy or Tank Dell to a WR-needy team for a running back upgrade would address the lack of a clear RB1. London and McBride are the untouchable core. Everything else should be available.
VANCOUVERPANTIESDEJAROME (14 players) - NEED LEVEL: MODERATE
Lamar Jackson and Baker Mayfield at quarterback is one of the strongest rooms in the league. De'Von Achane and Cam Skattebo at running back is a good top two, but Kenny Gainwell as the only other option is dangerously thin. If Achane misses a game - and his injury history suggests that is likely at some point - Josh P is starting Gainwell as his RB2, which is a significant downgrade. CeeDee Lamb and DK Metcalf at receiver is an elite pair. Jerry Jeudy, Parker Washington, and Travis Hunter provide depth. Kyle Pitts and Dalton Schultz at tight end is adequate. The Fix: Add a fourth running back as soon as possible. The Vile Horrendous has six running backs and would likely trade Tyjae Spears or MarShawn Lloyd for a bench receiver. On the waiver wire, Kareem Hunt, Gus Edwards, Alexander Mattison, and Antonio Gibson are all available and on NFL rosters. Any one of them would provide real insurance behind Achane. The four empty roster spots should be filled with stashes - Keenan Allen, Curtis Samuel, and Brandin Cooks are all unclaimed receivers on NFL teams.
BEER / PAVEL DOROFEYEV (18 players) - NEED LEVEL: MODERATE
Miles Hughes has the deepest roster in the league at 18 players but the depth is concentrated in the wrong place. Seven running backs: Kyren Williams, TreVeyon Henderson, David Montgomery, Jacory Croskey-Merritt, Chuba Hubbard, Tyler Allgeier, and Zach Charbonnet. That is three or four more than any team needs. Meanwhile, Marvin Harrison Jr. - a top-20 fantasy receiver - is sitting on the bench behind Emeka Egbuka. Drake Maye and C.J. Stroud at quarterback is a strong room. Harold Fannin Jr. and Dallas Goedert at tight end is excellent. Amon-Ra St. Brown leads a capable receiver group that also includes Khalil Shakir and Quentin Johnston. The Fix: Trade at least two running backs before the season starts. These assets lose value every week they go unused. Nabers In Paris needs younger running backs badly - Chuba Hubbard for a future pick or bench piece is a deal that writes itself. VancouverPantiesDeJarome only has three backs and would pay a fair price for Allgeier or Charbonnet. I Heart Gingers could use Croskey-Merritt as a bench stash. Marvin Harrison Jr. should be starting over Egbuka immediately - the talent gap is too large to justify leaving him on the bench.
THE BOTTOM LINE:
One team needs emergency action before September 9th: Amon Ra Dawgin has no defense, no kicker, one quarterback, and five empty roster spots on a roster with top-tier skill talent going to waste. Two teams have structural problems that trades would solve: Fort Bragg needs to shed quarterbacks and The Watermark needs to shed tight ends. Two teams need backup quarterbacks: I Heart Gingers and Chicago Zestiest Man each have one QB and no safety net. One team needs to make trades to unlock its own value: Beer has seven running backs and a top-20 receiver on the bench. The fantasy waiver wire has real talent sitting unclaimed right now - Geno Smith, Diontae Johnson, Keenan Allen, Kareem Hunt, Zach Ertz - and the teams that grab them before September 9th will have the edge when injuries start hitting in October. The managers who act in August are the ones who win in December. The ones who wait always wish they had not.
",,Claire Westbrook
Aug 13 2026,Liam Hughes Just Sold a Running Back for Pocket Change and He Knows Exactly What He's Doing,"Isiah Pacheco for a 9th round pick. On paper that looks like a steal for Stephen Cerquone. In reality, Liam Hughes just cleaned a roster spot he did not need and got a draft asset in return, which is more than most managers get when they cut dead weight.

Pacheco is a name people remember from his Kansas City days. He won a Super Bowl. He ran hard between the tackles. But that was two years and one team ago. He is in Detroit now competing for touches behind a crowded backfield, and his fantasy ceiling in that situation is a bye-week fill-in at best. Hughes has McCaffrey and Hall locked in as his starters with Monangai and Johnson behind them. Pacheco was never seeing the lineup in Mount Olympus.

Cerquone needed running back help. Claire Westbrook wrote about it yesterday and she was right. Jones and Conner are both on the wrong side of 30 and Pacheco at least gives Nabers a younger body to rotate in when legs start getting tired in November. A 9th round pick is a small price to pay for a real NFL running back.

This is the kind of quiet deal that does not make headlines but wins you one extra game in Week 11 when your starter is hobbling. Smart trade for both sides.",mount-olympus,"Rick ""The Hammer"" Dalton"
Aug 13 2026,The Pacheco Trade by the Numbers: A Fair Deal That Solves the Right Problem,"The projected points-over-replacement value of Isiah Pacheco in a 14-team PPR league is approximately 1.3 points per week above the waiver wire baseline. The value of a 9th round pick in next year's draft is roughly equivalent to a player projected for 0.8 points per week above replacement. By those numbers, Nabers In Paris got the better end of this deal by about half a point per week.

But context matters more than raw value here. Nabers In Paris entered today with an average running back age of 30.5 years, the oldest in the league. Pacheco is 26. He does not solve the problem entirely - he is a committee back in Detroit, not a featured starter - but he lowers that average age and provides a contingency plan for when Jones or Conner inevitably misses time. The model projects a 74.3% chance that at least one of those two misses two or more games this season based on their age and workload history.

For Mount Olympus, this is a pure roster efficiency play. Pacheco was the fifth running back on a roster that starts two. His expected contribution to the Olympus starting lineup was functionally zero unless both McCaffrey and Hall went down simultaneously. Converting a zero-contribution roster spot into a future draft pick is positive expected value regardless of where that pick falls.

One note worth flagging: Nabers In Paris now has three quarterbacks, two kickers, and five running backs. That is 10 players for four starting slots. The roster construction still has allocation issues that this trade does not address.",,Maya Chen
Aug 13 2026,Cerquone Finally Listened and I Want My Credit,"I have been saying for WEEKS that Nabers In Paris needed to get younger at running back. WEEKS. Claire Westbrook wrote her big roster needs article yesterday and said the exact same thing. And now today Cerquone goes out and trades for Isiah Pacheco from Mount Olympus. You are WELCOME, Stephen.

Is Pacheco going to save this roster? No. Let me be real about that. He is a committee back in Detroit who is fighting for touches behind a loaded backfield. But he is 26 years old and he has actual NFL legs underneath him, which is more than I can say about the rest of that running back room where the average birth year is during the Clinton administration.

The real question I have is why did it take this long? Pacheco has been sitting on the Olympus bench doing nothing for weeks. Liam Hughes was never going to play him. This deal could have been done on draft night. Instead Cerquone waited until every reporter on this staff publicly called out his roster before he picked up the phone. That is not proactive management. That is homework done five minutes before class.

Meanwhile, can we talk about how Amon Ra Dawgin STILL does not have a defense or a kicker? Andrew Grossman, are you reading these articles? Do you check your app? It is AUGUST 13TH. The season starts in 27 DAYS. Pick up a defense!",nabers-in-paris,"DeShawn ""Showtime"" Harris"
Aug 13 2026,I Wrote About This Exact Need Yesterday and Cerquone Answered the Phone,"In yesterday's roster report I identified Nabers In Paris' running back room as the oldest and most injury-prone in the league and recommended trading for a younger option. Twenty-four hours later, Cerquone acquired Isiah Pacheco from Mount Olympus for a 9th round pick. That is a direct response to a real problem, and I respect the speed of execution even if the solution is modest.

The question is not whether Pacheco is an upgrade over what Nabers had. He is. The question is whether he is enough of an upgrade to move the needle on a roster that still has structural issues. Pacheco is a committee back in Detroit. He will not be the RB1 on this team. But he gives Cerquone a viable option in weeks when Jones or Conner needs rest, and at 26 he is five years younger than either of them. That matters in November and December when older backs historically see their production decline.

From Mount Olympus' perspective, Liam Hughes continues to manage his roster with quiet discipline. McCaffrey and Hall are his starters. Monangai and Johnson are his backups. Pacheco was a fifth wheel generating zero value, and Hughes converted him into a future draft pick. Not every trade needs to be a blockbuster.

One concern remains for Nabers: this roster now has three quarterbacks (Stafford, Willis, Young) and two kickers (Bates, Zvada). That is five roster spots producing for two lineup slots. Cerquone addressed the running back problem but the roster bloat at QB and K still needs to be cleaned up. Drop a kicker. Trade or drop a quarterback. Use those spots on players who can actually start.

Claire's Verdict: Fair deal for both sides. Nabers got the player they needed. Olympus got a draft pick for a player they were never going to use. The grade goes up for Cerquone if he follows this by trimming the fat at quarterback and kicker. If he does not, the Pacheco addition is a bandaid on a roster that still needs surgery.",nabers-in-paris,Claire Westbrook
Aug 13 2026,Mount Olympus Traded Their Fifth Running Back for a Pick That Won't Matter Until 2027,"Isiah Pacheco just got traded from a team where he was never going to play to a team where he might play when two 31-year-olds need a nap. This is the most aggressively fine trade in MFGA history.

Liam Hughes had Pacheco buried so deep on his depth chart that I genuinely forgot he was on the roster until this trade notification popped up. He was behind McCaffrey, Hall, Monangai, AND Emmett Johnson. That is not a bench spot. That is witness protection. Hughes essentially found a crumpled $5 bill in his jacket pocket and traded it for a slightly different crumpled $5 bill that he cannot use until next year.

For Cerquone, this is what we in the industry call ""doing the bare minimum after being publicly roasted."" Every single reporter on this staff spent the last 48 hours writing about how Nabers In Paris has the oldest running back room in recorded history. Claire wrote a whole article about it. I wrote about it. Even Valentina wrote something poetic about it. And Cerquone's response was to trade a 9th round pick for a guy who is third on the Lions depth chart. Not first. Not second. Third.

To be fair, Pacheco IS younger than Jones and Conner. A fire hydrant is younger than Jones and Conner. My couch is younger than Jones and Conner. So technically this is an improvement.

In other news, I notice a certain West Division team with an aquatic name and four tight ends has made zero moves to address that situation despite literally every analyst on this staff telling them to consolidate. Bold strategy. Very patient. I am sure carrying four tight ends in a one-TE league is part of a larger vision that I simply cannot comprehend. Must be nice to have that kind of confidence.",mount-olympus,"Tommy ""T-Bone"" Mancini"
Aug 13 2026,"Small Trades, Small Steps, and the Distance Between Hope and a Plan","Not every trade reshapes a season. Some trades are quieter than that. Some trades are just a manager looking at his roster at 10 PM, reading the same analysis everyone else read that morning, and deciding to do one small thing about it.

Stephen Cerquone sent a 9th round pick to Mount Olympus for Isiah Pacheco today. It will not make national news. It will not start arguments in the group chat. It will barely move the needle on power rankings. But it might matter in Week 11 when Aaron Jones is nursing a hamstring and James Conner's knees are reminding him that 31 is not 25, and Cerquone needs somebody - anybody - to line up at running back and give him 8 to 10 points.

That is what this trade is. Not a solution. A contingency. A small acknowledgment that the roster, as constructed, had a problem that everyone could see but only Cerquone could fix.

Liam Hughes, for his part, continues to operate Mount Olympus the way he always has - without noise, without drama, without a single wasted roster spot. Pacheco was never going to start for him. So he turned a bench player into a future draft pick and moved on before lunch. There is something almost surgical about the way Hughes manages a fantasy team. No sentiment. No attachment. Just efficiency.

Across the league, other managers are still sitting on problems that have been public knowledge for days. Empty roster spots. Redundant quarterbacks. Tight end collections that belong in a museum. This trade is small. But it is something. And in a league where some teams are choosing to do nothing at all, something counts for more than it should.",,Valentina Rojas
"Aug 14, 2026",Transaction Wire,"FA SIGNING: Mount Olympus Yogurt Dressing scoops up Caleb Douglas (WR, MIA) from free agency. First come first served.",mount-olympus,"Jake ""The Wire"" Russo"
"Aug 17, 2026",Transaction Wire,"FA SIGNING: Chicago Zestiest Man scoops up Devaughn Vele (WR, NO) from free agency. First come first served.",chicago-zestiest,"Jake ""The Wire"" Russo"
"Aug 18, 2026",Transaction Wire,"PICKUP: Fort Bragg Confederates grabs Gunnar Helm (TE, TEN) as a free agent. Smart or desperate? Time will tell.",fort-bragg,"Jake ""The Wire"" Russo"
"Aug 18, 2026",Transaction Wire,"FA SIGNING: Nabers In Paris scoops up Isaac TeSlaa (WR, DET) from free agency. First come first served.",nabers-in-paris,"Jake ""The Wire"" Russo"
"Aug 18, 2026",Transaction Wire,"PICKUP: Doob's Agency grabs Keenan Allen (WR, IND) as a free agent. Smart or desperate? Time will tell.",doobs-agency,"Jake ""The Wire"" Russo"
"Aug 18, 2026",Transaction Wire,"Doob's Agency parts ways with Tre Tucker (WR, LV). End of the road.",doobs-agency,"Jake ""The Wire"" Russo"
"Aug 18, 2026",Transaction Wire,"FA SIGNING: Pakistan Bombers scoops up Najee Harris (RB, NYG) from free agency. First come first served.",pakistan-bombers,"Jake ""The Wire"" Russo"
"Aug 18, 2026",Transaction Wire,"Pakistan Bombers parts ways with Samaje Perine (RB, CIN). End of the road.",pakistan-bombers,"Jake ""The Wire"" Russo"
"Aug 19, 2026",Transaction Wire,"PICKUP: Fort Bragg Confederates grabs Tre Tucker (WR, LV) as a free agent. Smart or desperate? Time will tell.",fort-bragg,"Jake ""The Wire"" Russo"
"Aug 19, 2026",Transaction Wire,"Fort Bragg Confederates parts ways with Chig Okonkwo (TE, WSH). End of the road.",fort-bragg,"Jake ""The Wire"" Russo"
"Aug 19, 2026",Transaction Wire,Free agent Greg Dulcich (MIA TE) signs with Pavel Dorofeyev. Quick hands on the wire.,beer,"Jake ""The Wire"" Russo"
"Aug 19, 2026",Transaction Wire,"FA SIGNING: The Watermark scoops up Kayshon Boutte (WR, NE) from free agency. First come first served.",the-watermark,"Jake ""The Wire"" Russo"
"Aug 19, 2026",Transaction Wire,CUT: Calvin Ridley (TEN WR) released by The Watermark. Someone else's treasure now.,the-watermark,"Jake ""The Wire"" Russo"
"Aug 20, 2026",Transaction Wire,Free agent Kendre Miller (NO RB) signs with Fort Bragg Confederates. Quick hands on the wire.,fort-bragg,"Jake ""The Wire"" Russo"
"Aug 20, 2026",Transaction Wire,CUT: Darnell Mooney (NYG WR) released by Fort Bragg Confederates. Someone else's treasure now.,fort-bragg,"Jake ""The Wire"" Russo"
Aug 13 2026,Fort Bragg Has Bet the Farm on 2026 and There Is No Going Back,"I need to lay out exactly what Harrison Bragg has done this offseason because I am not sure everyone in this league understands the scale of it.

Fort Bragg has traded away four 2027 draft picks. The 2nd rounder went to Doob's Agency. The 3rd went to Chicago Zestiest Man in the London deal. The 5th went to Pakistan Bombers. The 7th went to Beer. That is four selections out of fourteen gone. Bragg has 10 picks left in next year's draft and nothing in rounds 2, 3, 5, or 7.

He also shipped out Quinshon Judkins, Jordan Addison, TreVeyon Henderson, RJ Harvey, Emeka Egbuka, Darnell Mooney, and Odell Beckham Jr. over the last two weeks. In return he brought in Drake London, Javonte Williams, Woody Marks, Kendre Miller, Tre Tucker, and Gunnar Helm. London is the centerpiece. Everything else is support.

The receiver room is now Drake London, Mike Evans, DJ Moore, Rashod Bateman, and Tre Tucker. Jacobs and Pollard at running back are steady. Andrews at tight end is proven. Three quarterbacks remains a problem I have been complaining about for weeks and Bragg still will not fix it.

If this team wins the championship, Bragg is a genius who went back to back and cemented a dynasty. If this team goes 6-7 and misses the playoffs, he just mortgaged two years of draft capital for nothing. He burned the boats on the beach. Now he has to conquer or drown.

The Bombers continue to get stronger without giving up anything meaningful. Najee Harris joined Robinson and Jeanty at running back. Nacua and Smith lead the receivers. Hurts and Daniels at quarterback. This team added a starting NFL running back off the waiver wire while Fort Bragg was trading picks to acquire the same caliber of player. That is the difference between a roster built right on draft day and one that has to scramble to catch up.",fort-bragg,"Rick ""The Hammer"" Dalton"
Aug 13 2026,Post-Trade Power Rankings: The Model Sees Four Tiers and Beer Is the Biggest Surprise,"Tier 1 - Championship contenders (projected 9+ wins):

Pakistan Bombers at 10.4 wins. Robinson, Jeanty, Harris at RB. Nacua, Smith, Flowers at WR. Hurts and Daniels at QB. Championship probability: 24.1%.

I Heart Gingers at 9.8 wins. Chase, Higgins, Diggs at receiver. Brown, Stevenson, Dobbins at RB. LaPorta and Kittle at TE. Single-QB vulnerability (Love only) is the one flaw.

Doob's Agency at 9.3 wins. Burrow and Goff at QB. Barkley and Walker at RB. McMillan, Watson, Kupp, Allen, Deebo, Pittman - seven viable receivers is the deepest group in the league. Tyler Warren as the only TE remains the one risk.

Tier 2 - Playoff contenders (projected 7-8 wins):

Beer/Pavel Dorofeyev at 8.1 wins. Biggest mover since draft day. Stafford and Stroud at QB. Williams, Judkins, Montgomery at RB. St. Brown, Harrison Jr., McConkey at WR. Three tight ends in Fannin, Goedert, and Dulcich. Complete roster built entirely through trades.

Englewood Ninjas at 7.9 wins. Taylor, JSN, Waddle, Bowers. Clean construction.

Mount Olympus at 7.8 wins. McCaffrey and Hall when healthy are elite. Deep receiver room.

The Vile Horrendous at 7.5 wins. Cook, Love, Wilson, Nabers, Odunze. Youngest core in the league with six RBs and six WRs.

Fort Bragg at 7.3 wins. London, Evans, Moore, Jacobs, Andrews. But three QBs waste two bench spots and four missing 2027 picks leave zero margin for error.

VancouverPantiesDeJarome at 7.1 wins. Lamar, Achane, Lamb, Metcalf is a top-4 starting core. Three total running backs is the thinnest depth in the league.

Tier 3 - Bubble (projected 5-6 wins):

Pluto Shraazinatorz at 6.2 wins. Allen is elite. Henry is aging. Jones and Ferguson were nice trade adds. WR depth behind Collins and Pickens is thin.

The Watermark at 5.1 wins. Gibbs is top-3 and nothing else projects above replacement level. Calvin Ridley was cut for Kayshon Boutte, who has 11 career NFL receptions. Four tight ends. Six receivers who project to a combined weekly total lower than Puka Nacua alone. This roster got worse since the last time I wrote about it.

Tier 4 - Rebuilding (projected under 5 wins):

Nabers In Paris at 4.2 wins. Three QBs, two kickers, five wasted roster spots. Irving and Hubbard helped at RB but the construction remains inefficient.

Chicago Zestiest Man at 3.8 wins. One rookie QB (Dart). Got Henderson, Harvey, Addison, Egbuka, and a 3rd round pick from the London trade. Solid rebuild haul but the present-day roster has no proven QB or RB1. McBride is the best player here.

Amon Ra Dawgin at 3.4 wins. No defense. No kicker. One QB. Jefferson and Adams wasted on an incomplete roster.",,Maya Chen
Aug 13 2026,The Watermark Just Cut Calvin Ridley for Kayshon Boutte and I Need Answers,"The Watermark dropped Calvin Ridley - a receiver with 400 career NFL catches - and picked up Kayshon Boutte from the Patriots. KAYSHON BOUTTE. A man with 11 career receptions. Eleven. I have more receptions at my family Thanksgiving football game.

Preston Schneider's receiver room is now Chris Olave, Wan'Dale Robinson, De'Zhaun Stribling, Jalen McMillan, Jauan Jennings, and Kayshon Boutte. Six receivers and I would not start five of them. Gibbs is out there running for 25 points a week and the rest of this roster is working against him. Four tight ends. SIX mediocre receivers. Zero trades made to improve. I do not understand.

Now let me talk about what IS working.

Miles Hughes is the most improved manager of the offseason. Beer went from a joke roster with seven running backs to Stafford and Stroud at QB, Williams and Judkins and Montgomery at RB, St. Brown and Harrison Jr. and McConkey at WR. That man executed a full roster rebuild through trades alone. Respect.

Fort Bragg and Chicago completed the biggest trade of the offseason. Bragg got Drake London alongside Evans and Moore. Chicago got Henderson, Harvey, Addison, Egbuka, and a 3rd round pick. Bragg went all-in on 2026. Ehrig is clearly building for 2027 with those young pieces and the extra draft capital. Both approaches make sense for where each team is.

Chicago now has four running backs in Tuten, Mason, Harvey, and Henderson. None of them are proven RB1s but Henderson and Harvey both have paths to starting jobs on their NFL teams. If either one breaks out this roster suddenly looks a lot different than the bottom-of-the-barrel projection everyone is giving it. Do not sleep on Zach Ehrig just because he traded London. That 3rd round pick from Fort Bragg plus his own full set of 2027 picks means he is set up for a strong draft next year.

And AMON RA DAWGIN. Andrew. Please. The season starts in 27 DAYS. No defense. No kicker. One quarterback. Jefferson and Adams are going to put up 40 combined and you are going to lose by 12 because two lineup slots are posting zeroes. PICK UP A DEFENSE.",the-watermark,"DeShawn ""Showtime"" Harris"
Aug 13 2026,The Three Offseason Strategies That Will Define the 2026 Season,"Every franchise chose a path this offseason. Let me break down the three approaches and who executed each one best.

Strategy 1: The All-In. Fort Bragg is the textbook case. Bragg traded four future picks, shipped seven players, and reshaped his roster around London, Evans, Moore, Jacobs, and Andrews. The 2027 draft will have no 2nd, 3rd, 5th, or 7th round pick. If this team does not make a deep playoff run, the rebuild will be painful. But Bragg has a trophy. He knows what winning requires. The roster talent is there. The concern is the three-quarterback inefficiency and the lack of depth at running back beyond Jacobs and Pollard. Williams and Marks from the Chicago trade help, but Kendre Miller is unproven and the margin for injury is thin.

Strategy 2: The Rebuild Through Trades. Beer and Chicago both chose this path from different directions. Hughes entered the draft with seven running backs and a plan nobody understood. Two weeks later he has Stafford, Stroud, Williams, Judkins, Montgomery, St. Brown, Harrison Jr., McConkey, Fannin, Goedert, and Dulcich. That is a complete roster at every position built entirely through phone calls and negotiation. Ehrig traded London for four young players and a draft pick, accepting a harder 2026 in exchange for a better 2027. Henderson and Harvey both have breakout potential. Addison and Egbuka provide immediate depth. The 3rd round pick from Fort Bragg gives him extra draft capital next year. The question for Ehrig is whether Dart can hold the quarterback position together long enough for the young pieces to develop. If he can, this rebuild was smart. If he cannot, Chicago is looking at another bottom-three finish.

Strategy 3: The Stand Pat. The Watermark and Amon Ra Dawgin both chose inaction, and both are worse for it. Schneider cut Ridley for Boutte this week, which is not an improvement. Four tight ends remain. No trades have been made to address the WR2 void or the running back depth behind Gibbs. Grossman has had weeks to add a defense and kicker and has not done it. Both rosters have elite individual talent surrounded by incomplete construction. The league is not waiting for them.

Claire's Verdict: The manager who positioned himself best is Miles Hughes. He identified a strategy on draft day, executed it through multiple trades, and emerged with a roster that went from the league's worst to a legitimate playoff contender. The manager who needs to act most urgently is Andrew Grossman. Three waiver wire transactions would transform his team's outlook. There is no excuse for entering September without a defense, a kicker, and a backup quarterback.",,Claire Westbrook
Aug 13 2026,The Watermark Just Replaced Calvin Ridley With a Man Who Has Eleven Career Catches and I Am Running Out of Ways to Be Subtle,"I have been doing this job all offseason. I have been professional. I have been restrained. I have used phrases like ""certain teams in the West"" and ""aquatic-themed franchises."" I have been the picture of journalistic integrity.

I cannot do it anymore.

The Watermark dropped Calvin Ridley and replaced him with Kayshon Boutte, who has been in the NFL for two years and has fewer catches than I have fingers. The receiver room is now Chris Olave and five guys whose combined career stats would not fill a tweet. And there are STILL four tight ends on the roster. Four. In a league that starts one. This is like watching someone put four spare tires in the trunk and then drive on three flat ones.

ANYWAY. Positive news.

Miles Hughes is a certified genius and I owe him a public apology. I made fun of him for weeks. I compared him to a squirrel. I questioned his understanding of fantasy football. And then he turned those seven running backs into Stafford, McConkey, Judkins, and the most dramatic roster transformation I have ever witnessed. Beer is dead. Pavel Dorofeyev lives. And Marvin Harrison Jr. is finally starting.

Fort Bragg completed the London trade with Chicago and now has London, Evans, and Moore at receiver, which is terrifying. But Bragg still has three quarterbacks and traded away four draft picks. That roster is a sports car with no spare tire and no insurance.

Chicago got four young players and a 3rd round pick for London, which honestly is not bad for a team that was going nowhere anyway. Henderson and Harvey could both be starting running backs by October. Addison is a real NFL receiver. Egbuka is playing for Tom Brady. Zach Ehrig took a bad hand and played it about as well as anyone could.

Also Andrew Grossman still does not have a defense or a kicker. At this point I think someone should physically go to his house, open his laptop, navigate to ESPN, and press the buttons for him. This is an intervention-level situation. Andrew, please. I believe in you.",the-watermark,"Tommy ""T-Bone"" Mancini"
Aug 13 2026,"Builders, Gamblers, and the Ones Who Stood Still","Twenty-seven days before the season opens, the MFGA looks nothing like it did when the draft ended. Fourteen rosters went through the same two weeks. Not all of them came out the same way.

Miles Hughes built something. That is the simplest way to describe what happened with Beer over the last fourteen days. He walked into the draft with seven running backs that looked like a mistake. Then, one phone call at a time, he converted those pieces into the roster he actually wanted. Stafford. McConkey. Judkins. Each trade a step in a sequence only Hughes could see. By the time the last deal closed, the team that every analyst dismissed had Amon-Ra St. Brown and Marvin Harrison Jr. in its starting lineup with three viable tight ends on the bench. The draft was never the destination. It was the supply run.

Harrison Bragg gambled. The defending champion looked at a roster that won it all and decided it was not enough to win again. So he traded four picks. Shipped seven players. Acquired Drake London and created a receiver room with Evans and Moore that opposing managers will lose sleep over. The trade with Chicago was the headline, but the real story is the 2027 draft board with four empty rows. Bragg is spending the future on a single season the way a poker player pushes all their chips to the center and waits for the cards to turn.

Zach Ehrig made the hardest choice. He traded his best player knowing full well what the group chat would say. London was the one name on his roster that commanded respect. Trading him for Henderson, Harvey, Addison, Egbuka, and a future pick was not a surrender. It was a decision to stop pretending a one-star roster could compete and start building something that might actually work in 2027. The rebuild will not be comfortable. Dart at quarterback is a gamble. The running back room is young and unproven. But the 3rd round pick from Fort Bragg, combined with his own full draft next year, gives him the capital to restock properly. Sometimes the bravest thing a manager can do is admit that this is not their year.

And then there are the ones who stood still. Preston Schneider cut Calvin Ridley and added Kayshon Boutte. Andrew Grossman has Justin Jefferson and two empty starting slots. Both rosters have the kind of singular talent that wins individual weeks but loses seasons when the structure around it is hollow.

There is a window in every offseason where change is possible. Some managers walked through it and came out stronger. Some are still standing outside, watching, telling themselves there is still time. There is still time. But there is less of it than there was yesterday. And the league remembers who moved and who did not.",,Valentina Rojas
"Aug 23, 2026",Transaction Wire,Free agent Calvin Ridley (TEN WR) signs with Fort Bragg Confederates. Quick hands on the wire.,fort-bragg,"Jake ""The Wire"" Russo"
"Aug 23, 2026",Transaction Wire,"RELEASED: Fort Bragg Confederates drops Cam Ward (QB, TEN). Tough break.",fort-bragg,"Jake ""The Wire"" Russo"
"Aug 24, 2026",Transaction Wire,"PICKUP: Amon Ra Dawgin grabs Bears D/ST (D/ST, CHI) as a free agent. Smart or desperate? Time will tell.",amon-ra-dawgin,"Jake ""The Wire"" Russo"
"Aug 24, 2026",Transaction Wire,Free agent Jake Elliott (PHI K) signs with Amon Ra Dawgin. Quick hands on the wire.,amon-ra-dawgin,"Jake ""The Wire"" Russo"
"Aug 24, 2026",Transaction Wire,"PICKUP: Amon Ra Dawgin grabs Evan Engram (TE, DEN) as a free agent. Smart or desperate? Time will tell.",amon-ra-dawgin,"Jake ""The Wire"" Russo"
"Aug 24, 2026",Transaction Wire,"PICKUP: Amon Ra Dawgin grabs Ja'Kobi Lane (WR, BAL) as a free agent. Smart or desperate? Time will tell.",amon-ra-dawgin,"Jake ""The Wire"" Russo"
"Aug 25, 2026",Transaction Wire,"PICKUP: The Watermark grabs Colby Parkinson (TE, LAR) as a free agent. Smart or desperate? Time will tell.",the-watermark,"Jake ""The Wire"" Russo"
"Aug 25, 2026",Transaction Wire,CUT: David Njoku (LAC TE) released by The Watermark. Someone else's treasure now.,the-watermark,"Jake ""The Wire"" Russo"
"Aug 25, 2026",Transaction Wire,Free agent Malachi Fields (NYG WR) signs with Fort Bragg Confederates. Quick hands on the wire.,fort-bragg,"Jake ""The Wire"" Russo"
"Aug 27, 2026",Transaction Wire,"PICKUP: Fort Bragg Confederates grabs Chris Brooks (RB, GB) as a free agent. Smart or desperate? Time will tell.",fort-bragg,"Jake ""The Wire"" Russo"
"Aug 27, 2026",Transaction Wire,"RELEASED: Fort Bragg Confederates drops Rashod Bateman (WR, BAL). Tough break.",fort-bragg,"Jake ""The Wire"" Russo"
"Aug 27, 2026",Transaction Wire,"FA SIGNING: Englewood Ninjas scoops up Dontayvion Wicks (WR, PHI) from free agency. First come first served.",englewood-ninjas,"Jake ""The Wire"" Russo"
"Aug 29, 2026",Transaction Wire,Free agent Rashod Bateman (BAL WR) signs with VancouverPantiesDeJarome. Quick hands on the wire.,vancouver-panties,"Jake ""The Wire"" Russo"
"Aug 30, 2026",Transaction Wire,"FA SIGNING: Chicago Zestiest Man scoops up Chig Okonkwo (TE, WSH) from free agency. First come first served.",chicago-zestiest,"Jake ""The Wire"" Russo"
"Aug 30, 2026",Transaction Wire,"RELEASED: Chicago Zestiest Man drops Pat Freiermuth (TE, PIT). Tough break.",chicago-zestiest,"Jake ""The Wire"" Russo"
Aug 30 2026,Five Draft Picks Gone. Josh Jacobs Facing Suspension. And Harrison Bragg Is Still Trading.,"I have been covering this league for three years. I have never seen a franchise bet this aggressively on a single season. And I am starting to think it is going to backfire.

Fort Bragg just sent a 4th round pick and Woody Marks to The Vile Horrendous for MarShawn Lloyd. That is the fifth 2027 draft pick Harrison Bragg has traded away this offseason. Fifth. The 2nd went to Doob's Agency. The 3rd went to Chicago. The 4th just went to The Vile Horrendous. The 5th went to Pakistan Bombers. The 7th went to Beer. Fort Bragg now has NINE picks in next year's draft instead of fourteen, with nothing in rounds 2, 3, 4, 5, or 7. That is not aggressive roster management. That is a man setting his house on fire to stay warm.

And here is the part that makes it worse. Josh Jacobs is not just dealing with a groin injury that kept him out of training camp for nearly three weeks. He has been charged with battery and criminal damage to property stemming from a domestic incident in May. The NFL is actively investigating whether to suspend him. ESPN's Adam Schefter has confirmed the league is reviewing disciplinary action. If Jacobs gets even a two-game suspension, Fort Bragg is starting Tony Pollard and MarShawn Lloyd at running back in Weeks 1 and 2. Lloyd has played in ONE NFL game in two seasons due to injuries. He has carried the ball six times in his professional career. Six.

Bragg also picked up Chris Brooks from Green Bay's roster, which tells you everything about how worried he is. Brooks is a pass-blocking specialist who rushed for 106 yards on 27 carries all of last season. That is not a running back. That is an offensive lineman who sometimes holds the football.

Meanwhile, Lucas Fawcett and the Pakistan Bombers quietly scooped up Kaleb Johnson off the waiver wire today after the Steelers traded him to Green Bay. Johnson was a third-round pick in 2025 who flopped in Pittsburgh - 28 carries, 69 yards, 2.5 yards per carry. But he ran for 1,537 yards and 21 touchdowns at Iowa. In Green Bay's offense with Jacobs potentially missing time, Johnson could see real volume. And Fawcett grabbed him for free while Bragg spent a draft pick on Lloyd. That is the difference between these two franchises right now.",fort-bragg,"Rick ""The Hammer"" Dalton"
"Aug 30, 2026",Transaction Wire,"PICKUP: Fort Bragg Confederates grabs Samaje Perine (RB, CIN) as a free agent. Smart or desperate? Time will tell.",fort-bragg,"Jake ""The Wire"" Russo"
"Aug 30, 2026",Transaction Wire,"FA SIGNING: Pakistan Bombers scoops up Kaleb Johnson (RB, GB) from free agency. First come first served.",pakistan-bombers,"Jake ""The Wire"" Russo"
"Aug 30, 2026",Transaction Wire,"Pakistan Bombers parts ways with Ray Davis (RB, BUF). End of the road.",pakistan-bombers,"Jake ""The Wire"" Russo"
"Sep 1, 2026",Transaction Wire,"FA SIGNING: Fort Bragg Confederates scoops up Jahan Dotson (WR, ATL) from free agency. First come first served.",fort-bragg,"Jake ""The Wire"" Russo"
"Sep 1, 2026",Transaction Wire,"Fort Bragg Confederates parts ways with Samaje Perine (RB, CIN). End of the road.",fort-bragg,"Jake ""The Wire"" Russo"
"Sep 1, 2026",Transaction Wire,"WIRE: The Vile Horrendous claims Ray Davis (RB, BUF) off waivers. Roster spot well spent if you ask me.",vile-horrendous,"Jake ""The Wire"" Russo"
"Sep 1, 2026",Transaction Wire,CUT: Dylan Sampson (CLE RB) released by The Vile Horrendous. Someone else's treasure now.,vile-horrendous,"Jake ""The Wire"" Russo"
"Sep 2, 2026",Transaction Wire,WAIVER ALERT: Samaje Perine (CIN RB) is heading to Mount Olympus Yogurt Dressing. Interesting pickup.,mount-olympus,"Jake ""The Wire"" Russo"
Sep 2 2026,"Correction: It Was Six Picks, Not Five. And That Makes It Worse.","Three days ago I wrote that Harrison Bragg had traded away five 2027 draft picks. I wrote that the MarShawn Lloyd deal cost him a 4th rounder. I wrote that Fort Bragg had nine picks left and nothing in rounds 2, 3, 4, 5, or 7.

All three of those numbers were wrong.

I have been wrong before. Not often, but it happens, and when it happens I say so in print instead of quietly hoping nobody pulls up the draft board. So here it is.

The Lloyd trade did not cost Fort Bragg a 4th. It cost a 6th and an 11th. Two picks, not one. Bragg still has his 2027 4th rounder sitting exactly where it was, and that is the only part of this correction that works in his favor.

Everything else works against him. Count it properly and Harrison Bragg has traded away SIX 2027 draft picks this offseason, not five. The 2nd went to Doob's Agency. The 3rd went to Chicago Zestiest Man. The 5th went to Pakistan Bombers. The 6th and the 11th both went to The Vile Horrendous. The 7th went to Beer. Six selections out of fourteen, gone.

Fort Bragg walks into next year's draft with eight picks. A keeper, a 4th, an 8th, a 9th, a 10th, a 12th, a 13th, and a 14th. Nothing in the second. Nothing in the third. Nothing in the fifth, sixth, seventh, or eleventh. That is not a draft board. That is a receipt.

So I got the round wrong. I did not get the story wrong. If anything I undersold it. I said this was a man setting his house on fire to stay warm, and it turns out there was one more room burning than I counted.

Josh Jacobs is still under league review. MarShawn Lloyd has still played one NFL game in two seasons. Tony Pollard is still the contingency plan. None of that changed because I miscounted a round number, and none of it gets any easier for Fort Bragg in Week 1.

Get the details right, Hammer. I will. Bragg should too.

CORRECTION: My August 30 story, ""Five Draft Picks Gone. Josh Jacobs Facing Suspension. And Harrison Bragg Is Still Trading."", reported that Fort Bragg sent its 2027 4th round pick to The Vile Horrendous in the MarShawn Lloyd trade, that five picks had been dealt, and that Fort Bragg held nine 2027 selections. The trade actually sent the 2027 6th and 11th round picks. Six picks have been traded, Fort Bragg holds eight, and the 4th rounder is still theirs. The league draft board has been updated. The error was mine.",fort-bragg,"Rick ""The Hammer"" Dalton"
"Sep 3, 2026",Transaction Wire,"PICKUP: Fort Bragg Confederates grabs Jacob Saylors (RB, DET) as a free agent. Smart or desperate? Time will tell.",fort-bragg,"Jake ""The Wire"" Russo"
"Sep 3, 2026",Transaction Wire,CUT: Calvin Ridley (TEN WR) released by Fort Bragg Confederates. Someone else's treasure now.,fort-bragg,"Jake ""The Wire"" Russo"
"Sep 7, 2026",Transaction Wire,"PICKUP: The Watermark grabs Corey Kiner (RB, NE) as a free agent. Smart or desperate? Time will tell.",the-watermark,"Jake ""The Wire"" Russo"
"Sep 7, 2026",Transaction Wire,CUT: Eli Stowers (PHI TE) released by The Watermark. Someone else's treasure now.,the-watermark,"Jake ""The Wire"" Russo"
"Sep 8, 2026",Transaction Wire,Free agent Chase McLaughlin (TB K) signs with The Watermark. Quick hands on the wire.,the-watermark,"Jake ""The Wire"" Russo"
"Sep 8, 2026",Transaction Wire,"PICKUP: The Watermark grabs Charlie Smyth (K, FA) as a free agent. Smart or desperate? Time will tell.",the-watermark,"Jake ""The Wire"" Russo"
"Sep 8, 2026",Transaction Wire,"PICKUP: The Watermark grabs Chase McLaughlin (K, TB) as a free agent. Smart or desperate? Time will tell.",the-watermark,"Jake ""The Wire"" Russo"
"Sep 9, 2026",Transaction Wire,"FA SIGNING: VancouverPantiesDeJarome scoops up Titans D/ST (D/ST, TEN) from free agency. First come first served.",vancouver-panties,"Jake ""The Wire"" Russo"
"Sep 9, 2026",Transaction Wire,"FA SIGNING: Chicago Zestiest Man scoops up Dylan Sampson (RB, CLE) from free agency. First come first served.",chicago-zestiest,"Jake ""The Wire"" Russo"
"Sep 9, 2026",Transaction Wire,Free agent Michael Mayer (LV TE) signs with Englewood Ninjas. Quick hands on the wire.,englewood-ninjas,"Jake ""The Wire"" Russo"
"Sep 10, 2026","GAME DAY BURN: The Book of Jobe, Chapter One","Vibe check: three quarters of dogshit football, then a fourth quarter that turned into a live-streamed mugging. New England led 10-0 and had this thing by the throat. Then Drake Maye threw three picks AND ate three sacks in twelve minutes of game clock, and a man whose last name is pronounced Job finished him off in the back of the end zone.

I pulled the ESPN play-by-play AND everybody's Week 1 lineups, because half the fun is who left points rotting on the bench.

JAXON SMITH-NJIGBA: 8 catches, 122 yards, 1 TD on 11 targets. 26.20. Started at WR by Englewood (Drew).

Nobody was within twelve of him. And the part the recaps skipped: the 45-yard touchdown that tied it 10-10 is logged as pass SHORT LEFT. Lock threw a five-yard dig and JSN ran the other 40 through the entire Patriots secondary. That was not a bomb, dawg. That was a grown man deciding he was done being polite.

Eleven targets on a night his starting QB got hurt on the first drive. Drew squeezed a WR1 ceiling out of DREW LOCK. Filthy.

RHAMONDRE STEVENSON: 18 carries, 51 yards, plus 5 grabs for 44. 14.50. Started at RB by I Heart Gingers (Carter).

2.8 a carry is miserable, but he caught five balls and PPR does not care how ugly it looked. Carter got RB2 money out of a guy running like his cleats were on backwards.

SEAHAWKS D/ST: 10 allowed, 3 sacks, 3 picks. 14.00. Started by Fort Bragg (Harrison).

Three DIFFERENT guys got the picks - Pritchett (30-yard return), Julian Love, and Jobe. Harrison will spend all week talking like he scouted this instead of clicking a defense on Saturday.

DRAKE MAYE: 23/33, 178 yards, 1 TD, 3 INT, plus 7 carries for 47. 9.82. Started at QB by Starving Ethiopians (Stephen).

His legs are the only reason that number has a 9 in front of it. The arm went full Old Testament.

Maye spent the fourth quarter getting Job'd. Deep ball intended for Romeo Doubs, picked at the SEA 3. Deep middle to DeMario Douglas, picked at the NE 47. Three sacks in between. Everything stripped away one piece at a time and no explanation offered.

Then the ending, which gets funnier every rewatch. New England drove to the Seattle 16 with 26 seconds left. That is a 34-yard field goal to tie and Borregales had already banged one in from 50. Instead Maye chucked it deep right into the end zone at Mack Hollins and JOSH JOBE toe-tapped the son of a bitch for the pick. Pronounced Job. God is real and He has a sense of humor.

And Jobe was not a cameo. He is on FOUR of New England's last six snaps - dropped Larison, dropped Maye on a scramble, shoved Hollins out at the 16, then took the ball. Not a plot twist. That is one guy running every plague himself.

JADARIAN PRICE: 10 carries, 52 yards, 2 catches. 7.80. Started at RB by The Watermark (Preston).

5.2 a pop, most efficient back on the grass, and nobody will mention it. Preston, real flex piece.

JASON MYERS: 2/2, from 30 and the go-ahead 26, plus the XP. 7.00. Started at K by Carter.

Boring, unsexy, decisive. Kicker points are like winning an argument by staying awake longest.

STUD OF THE NIGHT: Jaxon Smith-Njigba, 26.20. Best player on the field with a backup quarterback feeding him.

DICK OF THE DAY: ROMEO DOUBS. Three targets, ZERO catches, 0.00 points, and one of those targets got housed at the 3-yard line. Here is the beautiful part - Carter had him on the BENCH. So Doubs put up a fat nothing, got his own QB intercepted, and the only manager he screwed was Stephen, whose team he is not even on. Sabotaged a franchise from outside the building. Incredible work.

BENCH CRIMES: Matt left Cooper Kupp (5.50) AND George Holani (2.90) on the bench and started the Patriots defense and a kicker instead. That is 8.4 points in the closet, my guy. Drew started Rashid Shaheed in the FLEX for 1.40 and benched AJ Barner (3.30), a self-own he can afford after a 27-point night. Preston benched Corey Kiner (1.10), worth exactly what he cost.

INJURY REPORT: SAM DARNOLD got his hip wrecked on a Dre'Mont Jones sack at 12:27 of the first quarter and never came back. 1/2 for 13 yards, 0.52 points, ESPN has him Questionable. AND LIAM HAD HIM ON THE BENCH. The one week Liam benches his backup QB, that QB gets folded in half on the opening drive. Accidental genius. Doesn't matter, Liam still scored a clean 0.00 off this game and starts the week in a hole.

Also TREVEYON HENDERSON was listed OUT and played zero snaps. Zach had him benched anyway, so nothing was lost except Zach's will to live.

SCOREBOARD CHECK, started players only: Drew 27.60, Harrison 14.00 head-to-head. Carter 21.50, Liam 0.00. Stephen 15.42, Lucas 0. Preston 13.40, Miles 0 - Miles's only guy here was Charbonnet on IR, a hell of a way to participate. Matt 13.00 against an Evan roster with nobody in the game. Andrew and Zach tied at nothing, same for Shreyus and Josh P.

LOOKING AHEAD: THURSDAY NIGHT AT THE MCG

49ers at Rams, Melbourne Cricket Ground, 8:35 Eastern, on Netflix. The Rams are the home team in Australia. Sure. And I checked everybody's Thursday lineups. Nobody wins a matchup tonight - Sunday and Monday are still coming - this is just who grabs the lead going in.

THE MAIN EVENT: Miles versus Preston is a full Rams civil war and both men have committed. Miles is STARTING Matthew Stafford, Kyren Williams, AND Harrison Mevis. Preston is STARTING the Rams D/ST. Same broadcast, opposite directions - every Stafford touchdown pays Miles and takes a bite out of Preston's defense. Miles is at a flat zero and down 13.40, so this is his shot to flip that before Sunday. Load-bearing Stafford. Terrifying.

Liam is starting Christian McCaffrey and needs him to go nuclear, because he is down 21.50. Good news: Carter BENCHED George Kittle, so Carter cannot score tonight even if Kittle catches four touchdowns. Liam gets a free swing at that hole, though Carter's roster wakes right back up Sunday.

Lucas is starting Puka Nacua and needs 15.42 to pass Stephen. Puka does that on two drives. And Stephen BENCHED Blake Corum, so he is frozen at 15.42 until Sunday. Lucas can take the lead tonight and make Stephen sit on it for three days, which is its own kind of torture.

Drew starts Brock Purdy and Eddy Pineiro, two 49ers, up 13.60 already. Harrison counters with Davante Adams and genuinely needs him to be 2021 Davante Adams. Andrew is starting Mike Evans in a 0-0 matchup, so one Evans touchdown puts him up on Zach. Least earned lead in league history, and it will not survive the weekend. Matt BENCHED Deebo Samuel Sr., so his 13.00 just sits there and vibes until Sunday.

Then Sunday, all fourteen rosters at once, plus Monday night to settle it, and everybody finds out what they actually built in August. Set your damn lineups.",,JoJo Martinez
"Sep 11, 2026",GAME DAY BURN: Mad Matt and the Fury Road to the One-Yard Line,"Vibe check: 100,021 Australians paid actual money to walk into the Melbourne Cricket Ground and watch the Los Angeles Rams get dragged behind a truck for three hours. They came for football. They got Mad Max: Fury Road, except the road is 100 yards long and the Rams ran out of gas at the one.

Rams led 7-3 in the second quarter. Then San Francisco scored 24 straight. 49ers 27, Rams 7. And the Rams were the designated HOME team, by the way. Imagine flying 10,000 miles to get booed in your own building. They could have done that at SoFi.

I pulled the ESPN play-by-play AND everybody's Thursday lineups, because the lineup card is where the real crimes are.

BROCK PURDY: 25/34, 205 yards, 3 TD, 1 INT, plus 5 carries for 29. 21.10. Started at QB by Englewood (Drew).

Three touchdowns to THREE different guys - Demarcus Robinson from 39, Mike Evans from 2, Deebo from 15. Purdy spread it around like a man tipping every bartender in the place. 205 yards is not a big number and he did not need it to be. Efficient, boring, lethal. The Toyota Camry of quarterbacks, and the Camry just lapped you.

KYREN WILLIAMS: 11 carries, 41 yards, 1 TD, plus 3 grabs for 24. 15.50. Started at RB by Pavel Dorofeyev (Miles).

3.7 a carry and the only Ram to reach the end zone all night. Punched it in from 5 at 14:57 of the second, which was the last time anybody in Los Angeles felt good about anything.

EDDY PINEIRO: 2/3, from 20 and a 56-YARD BOMB, plus 3/3 on extra points. 10.00. Started at K by Drew.

Ten points from a kicker. He also doinked a 52-yarder off the RIGHT UPRIGHT in the fourth, which is the field goal equivalent of a dart hitting the wire and bouncing back into your beer.

MIKE EVANS: 6 catches, 49 yards, 1 TD on 7 targets. 16.90. Started at WR by Amon Ra Dawgin (Andrew).

Andrew needed exactly one Evans touchdown to take a lead he did not earn. He got it on a 2-yard throw at 11:03 of the third. Called his shot and the shot was two feet long.

CHRISTIAN McCAFFREY: 10 carries, 68 yards, plus 5 catches for 20 on 8 targets. 13.80. Started at RB by Mount Olympus (Liam).

6.8 a carry, 88 total yards, and ZERO touchdowns, because every time San Francisco reached the goal line Purdy threw it to somebody else. Liam needed nuclear. He got a space heater.

PUKA NACUA: 5 catches, 74 yards on 9 targets. 12.40. Started at WR by Pakistan Bombers (Lucas).

Nine targets and a 41-yard catch that set up the only Rams touchdown, and one enormous problem: Lucas needed 15.42 to pass Stephen. Puka got 12.40. THREE POINT OH TWO SHORT. He was projected 21.04, so before anybody goes digging through Lucas's bench for a villain, understand that this was not a lineup problem. This was a Puka problem.

MATTHEW STAFFORD: 15/25, 155 yards, ZERO TD, 1 INT, and 2 carries for MINUS ONE YARD. 4.10. Started at QB by Miles.

Projected 17.49. Delivered 4.10. That is a 13.39-point crater, the widest gap between expectation and reality anywhere on that field. Last week I wrote ""load-bearing Stafford, terrifying."" The load was not borne, dawg. Four point one.

And now the play that decided this game and will get shown in Melbourne pubs for ten years. Third quarter, Rams go 12 plays and 72 yards, eating SEVEN MINUTES AND TWENTY-TWO SECONDS of clock, all the way to 4th and Goal at the San Francisco ONE. Down 17-7. And the call is... Matthew Stafford, right guard, keep it himself. OSA ODIGHIZUWA met him in the hole and put him in the dirt for no gain. Replay official reviewed it. UPHELD. Seven and a half minutes of football for zero points, like assembling IKEA furniture all afternoon and ending up with a stool that will not stand.

Then San Francisco took over at their own 1 and went NINETY-NINE YARDS in 11 plays. Ninety-nine. The Rams handed them the ball on the doorstep and the 49ers walked it the entire length of a cricket ground and scored. A 14-point swing inside twelve minutes, and the game died at the bottom of it.

Four separate Rams possessions ended inside 49ers territory with nothing: two turnovers on downs, a Tyler Higbee fumble that FRED WARNER punched out and Keion White scooped at the 43, and a Stafford interception. Warner finished with 11 tackles and a forced fumble and spent the night living in the Rams backfield like he was paying rent.

DAVANTE ADAMS: 3 catches, 26 yards on 6 targets. 5.60. Started at WR by Fort Bragg (Harrison).

I said Harrison needed 2021 Davante Adams. He got 2026 Davante Adams, which is a guy who ran six routes and caught three of them for the yardage of one decent run play. Projected 13.82. Delivered a third of it.

STUD OF THE NIGHT: Brock Purdy, 21.10 against a 15.48 projection, three touchdowns to three different receivers. Nobody else in this game was that efficient, and Drew paired him with his own kicker for 31.10 in a single night.

Except the highest score in this entire game did not belong to Purdy. It belonged to a man sitting on a BENCH. So let us talk about that.

DICK OF THE DAY: MATT GINGRICH. Not a player. The manager. DEEBO SAMUEL SR. went 6 catches, 48 yards, a 15-yard touchdown, a 12-yard carry, AND a 45-yard kick return that set up another touchdown. EIGHTEEN POINTS. THE HIGHEST TOTAL OF ANY PLAYER IN THIS GAME. And Matt had him on the bench.

And before anybody says the projections let him off the hook, they do not. Deebo's 18.00 beat every single starter Matt could have swapped him for: Tetairoa McMillan (14.81), Kenneth Walker III in the FLEX (14.70), Michael Pittman Jr. (12.31). Not one of them was projected to reach what Deebo actually did. I warned him in this exact column last week - I wrote that Matt BENCHED Deebo so his 13.00 would just sit there and vibe until Sunday. He read it, or he did not, and either way Deebo put up 18 in a jersey Matt was not wearing. That is leaving a winning lottery ticket in your jeans and running the wash. Matt still leads Evan 13.00 to nothing, which is the only mercy in this paragraph.

Dishonorable mention to HARRISON MEVIS, projected 9.41, scored 1.00, because his offense never got him close enough to attempt a single field goal. One extra point all night. A kicker with one attempt is a DJ who got to play one song before the power went out.

INJURY REPORT: DAVIS ALLEN took one to the head on a 13-yard catch in the third, came back, and is Questionable. KAM CURL is Questionable with an ankle. NATE LANDMAN and KEVIN DOTSON both got dinged late. KONATA MUMPFIELD got hurt and returned inside of two minutes, the fastest anything happened for Los Angeles all night. On the 49ers side, JAKE TONGES went down with a knee and DE'ZHAUN STRIBLING with an ankle, both Questionable, neither on anybody's roster in this league, so nobody here has to pretend to care.

Special mention to JORDAN WHITTINGTON, who returned 4 kickoffs for 94 yards and also FUMBLED one before recovering his own mess at the 27. Sir. This is the Melbourne Cricket Ground. Have some dignity.

And STETSON BENNETT came in for the last drive, went 2/3 with a 9-yard scramble, and marched the Rams to the San Francisco 13 before the clock hit zero. A garbage-time drive to nowhere against a defense that had already showered. The football equivalent of texting an apology at 4am.

SCOREBOARD CHECK, Week 1, started players only, through Thursday night:

Drew 58.70, Harrison 19.60. Drew added 31.10 in one night off Purdy and Pineiro and now owns the highest total in the league by 37 points. Harrison got 5.60 of Davante Adams and a bad feeling.

Miles 20.60, Preston 14.40. MILES FLIPPED IT. He sat at a flat zero and down 13.40 when I wrote about him last week, he started three Rams in a game the Rams lost by 20, his quarterback missed his projection by 13.39, and he STILL took the lead. Kyren carried Stafford's corpse across the line.

Carter 21.50, Liam 13.80. Carter did not score a single point Thursday and gained ground anyway.

Andrew 16.90, Zach 0. One Mike Evans touchdown, and Zach has to sit there and look at it.

Stephen 15.42, Lucas 12.40. Stephen has not scored a point since Wednesday and is still ahead, purely because Puka Nacua came up 8.64 short of what he was supposed to do.

Matt 13.00, Evan 0. Matt's lead is intact and his best player watched the whole thing in a polo shirt.

Shreyus 0, Josh P 0. Two teams, zero players in the game, a perfect nothing. Pluto vs Vancouver remains the most respectful matchup on the slate.

LOOKING AHEAD: SUNDAY, ALL AT ONCE

That is the appetizer finished. Thursday gave us one game and a Rams funeral. Sunday gives us the entire NFL at once, every roster in this league live at the same time, and Monday night to settle whatever is left standing.

Nobody has won anything yet. Drew's 58.70 looks enormous right now and it is one bad Sunday from being a normal score. Lucas is 3.02 behind a man who cannot score again until Sunday, which is its own special torture: nothing to fix, nobody to blame, just a wide receiver who owes him nine points. Preston needs his actual skill players, because his defense gave him one point and a migraine. Zach, Evan, Shreyus and Josh P are all sitting on zeros with their entire season still ahead of them, which is either optimism or denial depending on what their rosters look like.

Set your damn lineups. Check them twice. Ask Matt Gingrich what happens when you don't.",,JoJo Martinez
"Sep 11, 2026",Transaction Wire,Free agent Pat Freiermuth (PIT TE) signs with Mount Olympus Yogurt Dressing. Quick hands on the wire.,mount-olympus,"Jake ""The Wire"" Russo"
"Sep 14, 2026",Transaction Wire,"FA SIGNING: Amon Ra Dawgin scoops up Emari Demercado (RB, DAL) from free agency. First come first served.",amon-ra-dawgin,"Jake ""The Wire"" Russo"
"Sep 15, 2026","MATCHUP BURN: Seven Games, Seven Funerals, 350 Points on the Bench","Vibe check: fourteen rosters went live at the same time and seven of them got dragged into the parking lot. Preston hung 165.66, the highest number anybody put up all week. Harrison, the DEFENDING CHAMPION, managed 65.52 and finished dead last while Patrick Mahomes watched from his bench in street clothes.

Biggest blowout: Shreyus by 57.80. Closest game: Matt by 6.80. And this league left 350.70 points on its collective bench, which is its own kind of crime scene.

THE LOSERS

HARRISON BRAGG, Fort Bragg Confederates. 65.52. Lost to Drew 98.30. Margin 32.78.

Sixty-five points. From the guy wearing the crown. Lowest score in the league and it is not close.

KYLER MURRAY: MINUS 0.38. Negative. Projected 16.40. A quarterback in a PPR league finished the week owing his team money. That stat line is offensive in ways the FCC would fine me for.

Then it gets worse, because PATRICK MAHOMES put up 21.66 ON THE BENCH. Swap him in for Kyler and that is a 22.04-point swing by itself. DJ MOORE: 21.00, also benched, while Harrison started DRAKE LONDON (5.50), DAVANTE ADAMS (5.60), and TONY POLLARD in the flex for 4.40.

His optimal lineup was 110.76. He scored 65.52. That is 45.24 points in the closet and 59.2% roster efficiency, dead last in the league. He did not lose this game. He forfeited it and then showed up anyway.

Rick ""The Hammer"" Dalton spent the offseason screaming that Fort Bragg traded away six 2027 picks to go all-in on this season. Week 1 return on that investment: last place and a quarterback with negative points.

JOSH P, VancouverPantiesDeJarome. 76.86. Lost to Shreyus 134.66. Margin 57.80.

Got absolutely bent over. KYLE PITTS SR.: 0.00, projected 9.83. TITANS D/ST: MINUS 1.00. KENNY GAINWELL in the flex: 2.80 on a 12.03 projection. BRANDON AUBREY: 2.00. Four starters, 3.80 points combined.

Lamar Jackson went 24.96 and CeeDee Lamb 15.40 and it did not matter, because the back half of that lineup showed up to a gunfight with a pool noodle.

BENCH CRIME: PARKER WASHINGTON went 19.30 in a polo shirt. Vikings D/ST 5.00 while the Titans went negative. Dalton Schultz 7.50 while Pitts laid an egg. Thirty points left behind.

Maya Chen's model had Vancouver in Tier 2 at 7.1 projected wins with ""a top-4 starting core."" The model did not account for Kyle Pitts being Kyle Pitts.

STEPHEN CERQUONE, Starving Ethiopians. 92.82. Lost to Lucas 139.42. Margin 46.60.

Chuba Hubbard 23.70 and Bucky Irving 20.30 showed up. Nobody else did. DRAKE MAYE: 9.82, the second straight week I have had to write about Drake Maye getting Job'd.

Here is the part that should keep Stephen awake. BRYCE YOUNG scored 31.44 ON THE BENCH. MALIK WILLIS scored 16.70, ALSO ON THE BENCH. He owns three quarterbacks, started the worst one, and the gap between Young and Maye alone was 21.62.

A.J. BROWN: 5.60. TERRY McLAURIN: 3.40. Two of the receivers Stephen got back from Lucas in the Puka Nacua trade Rick called a fleecing in August. They combined for 9.00 against Puka's 12.40 for the guy who just beat him by 46. Aging like milk in a hot car.

MILES HUGHES, Pavel Dorofeyev. 113.50. Lost to Preston 165.66. Margin 52.16.

You can score 113 and still get rolled. MATTHEW STAFFORD: 4.10 on a 17.50 projection. Third time I have written that number. Load-bearing Stafford collapsed and everybody saw it coming, including me, in print, twice.

C.J. STROUD: 16.46 ON THE BENCH. DALLAS GOEDERT: 23.70 ON THE BENCH while HAROLD FANNIN JR. started for 4.10. Miles left 37.56 home. David Montgomery 28.90 and Amon-Ra St. Brown 28.70 bought him nothing, because his quarterback and tight end combined for 8.20.

CARTER COLE, I Heart Gingers. 87.28. Lost to Liam 105.10. Margin 17.82.

JA'MARR CHASE: 3.20. Projected 19.95. If that performance was a Tinder date you would block the number and change cities.

MATTHEW GOLDEN 15.50 and STEFON DIGGS 15.50 both sat watching Chase catch nothing. Bench Chase for Golden, that is 12.30. Bench J.K. Dobbins in the flex (3.60) for Diggs, another 11.90. Carter wins this game by six.

Maya had I Heart Gingers in Tier 1 at 9.8 projected wins on ""Chase, Higgins, Diggs at receiver."" The two he started, Chase and Tee Higgins (8.90), combined for 12.10. The third was on his bench. Tier 1, my guy.

EVAN BROCKWAY, The Vile Horrendous. 100.26. Lost to Matt 107.06. Margin 6.80.

Most painful loss in the league and entirely self-inflicted. JALEN COKER: 33.80. BENCHED. ISAIAH LIKELY: 27.80. BENCHED.

He lost by 6.80 with sixty-one points of production in the closet. Coker was the highest scorer on any bench in this league. Evan started ROME ODUNZE (7.20) and TRAVIS KELCE (10.10) instead. Swap either and he wins going away. Optimal 144.56, actual 100.26, 44.30 left behind in a game decided by less than seven. Absolute poverty decision-making on a fine roster.

ZACH EHRIG, Chicago Zestiest Man. 122.30. Lost to Andrew 137.70. Margin 15.40.

Highest-scoring loser in the league, and he deserves a hug right up until you look at his flex. JORDAN ADDISON: 0.00, projected 9.91. Started. DEVAUGHN VELE: 19.90. Benched.

One swap. That is the whole game. Vele for Addison and Zach wins by 4.50. Jaxson Dart went 26.60, Trey McBride 24.50, Steelers D/ST 19.00, and one empty flex spot cost him the week.

THE WINNERS

MATT GINGRICH, Doob's Agency. 107.06 over Evan's 100.26. Congratulations, you did not win this game. Evan lost it for you.

KENNETH WALKER III went 34.10 in the flex, carrying a lineup where SAQUON BARKLEY managed 9.00 and JOE BURROW 14.16 on an 18.15 projection. And Matt is back in this column for the same crime as last week: CHRISTIAN WATSON 32.70 and DEEBO SAMUEL SR. 18.00, both benched, one week after I dedicated a Dick of the Day to exactly this. He left 36.98 home and won anyway. Luckiest 1-0 in the league.

ANDREW GROSSMAN, Amon Ra Dawgin. 137.70 over Zach's 122.30.

Cleanest win of the week. JUSTIN JEFFERSON 31.20, TREVOR LAWRENCE 26.10, JAVONTE WILLIAMS 24.20, DALTON KINCAID 18.00, MIKE EVANS 16.90. Five starters in double digits and all five beat their projections. Only 9.30 left on the bench, 93.7% efficiency, second best in the league. No notes.

LIAM HUGHES, Mount Olympus. 105.10 over Carter's 87.28.

Won ugly. CHRISTIAN McCAFFREY went 13.80 and his CHIEFS D/ST outscored him at 14.00. KYLE MONANGAI 20.40, PAT FREIERMUTH 15.60, and CALEB DOUGLAS 14.40 all sat, 24.20 left behind in a game he won by 17.82. Rick predicted Liam would LOSE this one, so the win counts.

DREW FLYNN, Englewood Ninjas. 98.30 over Harrison's 65.52.

JAXON SMITH-NJIGBA 26.20, JONATHAN TAYLOR 25.10, and BROCK PURDY 21.10 did all of it: 72.40 from three men and 25.90 from the other six. JAYLEN WADDLE 1.20, CHARGERS D/ST 0.00, RASHID SHAHEED 1.40 in the flex. Drew won by 33 with three starters combining for 2.60, which tells you everything about what Harrison did.

LUCAS FAWCETT, Pakistan Bombers. 139.42 over Stephen's 92.82.

ASHTON JEANTY 32.70 and BIJAN ROBINSON 31.30. Sixty-four points from the backfield Rick called the best this league has ever seen, and for one week The Hammer looks like a prophet. ZAY FLOWERS 26.00 and JALEN HURTS 24.72 finished it.

But COLSTON LOVELAND went 0.00 and the TEXANS D/ST went MINUS 4.00. Lucas won by 46 with two starters actively subtracting from his total. PUKA NACUA also went 12.40 on a 21.05 projection, second straight week Puka has undersold his price tag.

PRESTON SCHNEIDER, The Watermark. 165.66 over Miles's 113.50.

Highest score in the league and the best-managed roster of the week. CALEB WILLIAMS: 37.26 on a 16.39 projection. JAHMYR GIBBS: 33.60. D'ANDRE SWIFT: 32.40 in the flex on a 12.31 projection. CHRIS OLAVE: 28.20. Four starters over 28 points.

Maya had The Watermark in Tier 3, ""bubble,"" 5.1 projected wins, and wrote that six of his receivers ""project to a combined weekly total lower than Puka Nacua alone."" Olave by himself more than doubled Puka's 12.40. Tommy Mancini spent August mocking the Kayshon Boutte signing. Boutte scored 3.10 and Preston BENCHED him, because Preston, unlike Tommy, can read a depth chart. Only 4.70 left behind, best efficiency in the league at 97.2%.

SHREYUS SAXENA, Pluto Shraazinatorz. 134.66 over Josh P's 76.86.

JOSH ALLEN 35.66 and DERRICK HENRY 35.30, both roughly DOUBLE their projections. Seventy-one points from two guys, and Rick had Pluto losing this game. The part nobody will mention: CAMERON DICKER 2.00, JAKE FERGUSON 2.60, GEORGE PICKENS 5.80, three starters for 10.40, and JUWAN JOHNSON scored 14.40 on the bench while Ferguson stunk.

WEEKLY AWARDS

PLAYER OF THE WEEK: CALEB WILLIAMS, 37.26. Projected 16.39, more than doubled it, highest single score by any player on any roster in this league, started or benched.

BUST OF THE WEEK: KYLER MURRAY, MINUS 0.38 against a 16.40 projection. A 16.78-point crater and the only starting quarterback in the league to finish in the red.

MANAGER OF THE WEEK: PRESTON SCHNEIDER. League-high 165.66, only 4.70 left on the bench, 97.2% of his ceiling, and he benched the exact guys who deserved benching. Flawless.

CLOWN OF THE WEEK: HARRISON BRAGG. 45.24 points left on the bench and 59.2% efficiency, dead last in both. Mahomes (21.66) and DJ Moore (21.00) watched a 32-point loss that his optimal lineup wins 110.76 to 98.30. The defending champion lost this game in the lineup screen. Dishonorable mention: EVAN BROCKWAY, who left 44.30 behind and lost by 6.80. Harrison left more. Evan's actually mattered.

BLOWOUT OF THE WEEK: Shreyus 134.66 over Josh P 76.86. Margin 57.80.

NAIL BITER OF THE WEEK: Matt 107.06 over Evan 100.26. Margin 6.80, the only single-digit game on the slate.

STAT LINE OF THE WEEK: TEXANS D/ST, MINUS 4.00, started by the guy who won by 46. Lucas put a defense in his lineup that played so badly it took four points OFF the board and he still cruised. That unit scored fewer points than my dead grandma's fantasy team and she doesn't have WiFi in heaven.

UPDATED STANDINGS

EAST
1. Pakistan Bombers (Lucas) 1-0, 139.42
2. Mount Olympus (Liam) 1-0, 105.10
3. Chicago Zestiest Man (Zach) 0-1, 122.30
4. Pavel Dorofeyev (Miles) 0-1, 113.50
5. The Vile Horrendous (Evan) 0-1, 100.26
6. Starving Ethiopians (Stephen) 0-1, 92.82
7. Fort Bragg Confederates (Harrison) 0-1, 65.52

WEST
1. The Watermark (Preston) 1-0, 165.66
2. Amon Ra Dawgin (Andrew) 1-0, 137.70
3. Pluto Shraazinatorz (Shreyus) 1-0, 134.66
4. Doob's Agency (Matt) 1-0, 107.06
5. Englewood Ninjas (Drew) 1-0, 98.30
6. I Heart Gingers (Carter) 0-1, 87.28
7. VancouverPantiesDeJarome (Josh P) 0-1, 76.86

The West went 5-2 and owns three of the top five scores. The East has Lucas and a bread line.

LOOKING AHEAD: WEEK 2

FORT BRAGG (0-1) at STARVING ETHIOPIANS (0-1). Two teams that scored 65.52 and 92.82 and both know it. Harrison needs to start Mahomes, which sounds obvious because it is. Stephen needs Bryce Young in after 31.44 on the bench. Whoever fixes their quarterback first wins, and Rick predicted Stephen takes this one. PICK: Stephen, because Harrison has to prove he can operate a lineup screen before I trust him with a spread.

THE WATERMARK (1-0) at THE VILE HORRENDOUS (0-1). Preston rolls in off 165.66 with Caleb Williams, Gibbs, and Swift all cooking. Evan has the talent to hang, he scored 100.26 with 44.30 on the bench, but he has to actually start Coker (33.80) and Likely (27.80) this time. PICK: Preston, until Evan shows me he can fill out a roster.

ENGLEWOOD NINJAS (1-0) at I HEART GINGERS (0-1). Drew won with three starters who combined for 2.60, so there is more here than the score says. Carter needs Chase to remember he is Ja'Marr Chase after 3.20, and Golden and Diggs in the lineup instead of on the pine. PICK: Carter. Chase does not put up 3.20 twice, and Waddle plus the Chargers defense cannot both be that bad again.

PLUTO SHRAAZINATORZ (1-0) at AMON RA DAWGIN (1-0). Best matchup on the board, both undefeated, second and third in league scoring. Josh Allen (35.66) and Derrick Henry (35.30) against Justin Jefferson (31.20) and Trevor Lawrence (26.10). Shreyus needs Pickens (5.80) and Ferguson (2.60) to be real players. Andrew needs nothing. PICK: Andrew, because Henry and Allen doubling their projections again is asking a lot.

DOOB'S AGENCY (1-0) at CHICAGO ZESTIEST MAN (0-1). The luckiest team in the league visiting the unluckiest. Zach needs to fill his flex with a human being. Matt needs to start Watson (32.70) and Deebo (18.00) before I lose my mind. PICK: Zach, and if Matt benches Watson again I am dedicating the entire column to him.

PAKISTAN BOMBERS (1-0) at VANCOUVERPANTIESDEJAROME (0-1). Lucas brings Jeanty and Bijan against the lowest score in the West. Josh P needs Achane (10.60) and Metcalf (8.00) to wake up, and he needs to bench Kyle Pitts into the sun. Rick actually predicted Vancouver wins this one back in August. PICK: Lucas, comfortably. That backfield put up 64 on its own and Josh P's whole roster managed 76.86.

MOUNT OLYMPUS (1-0) at PAVEL DOROFEYEV (0-1). Liam won ugly with 24.20 on the bench. Miles scored 113.50 and got blown out anyway. Miles needs Stafford (4.10 on a 17.50 projection) benched for Stroud (16.46), and Goedert (23.70) in over Fannin (4.10). PICK: Miles, but only if he benches Stafford. If Stafford starts, Liam by 20.

Fourteen teams, one week down, and the story of Week 1 is not talent. It is that this league left 350.70 points on the bench and four of the seven losers lost by less than they left behind. Set your damn lineups. Ask Harrison what happens when you don't.",,JoJo Martinez
"Sep 15, 2026",Fawcett Robbed This League Once Already. Grossman Just Let Him Do It Again.,"Let me be absolutely clear about what just happened. Lucas Fawcett walked into a second trade negotiation this calendar year and walked out holding the best player in the deal. Again. In August he sent A.J. Brown, Terry McLaurin and Aaron Jones to Nabers In Paris and came back with Puka Nacua, and I called that a fleecing at the time. Tonight he sent Kaelon Black and Alec Pierce to Amon Ra Dawgin and came back with Mike Evans, Denzel Boston and a 2027 10th round pick. Three assets out of that side of the table, two bench players in.

Here is the part that should end the argument. Every one of those four players was on a roster in Week 1, so you do not have to project anything. Mike Evans scored 16.90 and started for Amon Ra. Denzel Boston scored 13.90 and sat on Amon Ra's bench. Kaelon Black scored 8.00 on the Bombers bench. Alec Pierce scored 10.10 on the Bombers bench. Grossman shipped out 30.80 points of production and brought back 18.10. He also threw in a draft pick to make sure the math got worse.

I wrote in August that Pakistan Bombers built a war machine and nobody in this league was ready. Week 1 they put up 139.42 and beat Nabers by 46. Their answer to being the best roster in the MFGA was to go get another receiver. That is not complacency. That is a manager who understands that the only thing standing between him and a title is a bad week, and he is buying insurance against bad weeks in bulk.

Now let me give you the one thing that gives me pause, because I am not in the business of pretending a trade is perfect when it is not. The Bombers now have three running backs. Three. Ashton Jeanty, Bijan Robinson and Kaleb Johnson, who has not scored a point. Fawcett just traded away his fourth back to add his eighth receiver. If Jeanty or Robinson misses time, that roster has nothing behind them and eight wideouts who cannot carry the ball. That is a real risk and I am not going to paper over it.

It is still a robbery. I have been wrong before. Not often, but it happens. This is not one of those times. Pakistan Bombers won this trade the moment Grossman picked up the phone.",pakistan-bombers,"Rick ""The Hammer"" Dalton"
"Sep 15, 2026","The Evans Trade by the Numbers: The Gap Is Narrower Than You Think, and It Is Still a Loss","The reaction to this trade has been loud, so let me put actual numbers against it, because the raw production gap and the projection gap tell two different stories and both are worth understanding.

Start with what happened in Week 1. Amon Ra sent out Mike Evans, who scored 16.90, and Denzel Boston, who scored 13.90 on the bench. Amon Ra received Alec Pierce, who scored 10.10, and Kaelon Black, who scored 8.00, both from the Bombers bench. That is 30.80 out and 18.10 in, a 12.70 point deficit against one week of results.

Now run it against projections instead, which is the fairer test because one week of receiving production is mostly noise. Evans was projected 10.65 and Boston 8.28, a combined 18.93. Pierce was projected 9.70 and Black 4.50, a combined 14.20. On a projection basis the weekly gap is 4.73, not 12.70. Evans beat his projection by 6.25 on Thursday night in Melbourne and that single game is doing most of the work in how this deal is being described.

But the projection math is also where the real problem shows up, and it is not about talent. It is about roster slots. Evans was a starter for Amon Ra in Week 1. Pierce and Black are, on current construction, not. Grossman already rostered six running backs before this trade and he still rosters six now, because Black replaced Nicholas Singleton. His receiver room went from seven bodies to five, and the two he gave up were his second and fourth highest scorers at the position. You cannot start a sixth running back. Points that cannot enter a lineup have a value of zero regardless of what the projection says.

The one asset nobody is pricing correctly is the 2027 10th round pick. I valued a 9th round pick at roughly 0.8 points per week above replacement when I wrote up the Pacheco deal in August, so a 10th sits somewhere under that, which is to say almost nothing in isolation. Pakistan Bombers now hold 16 picks against Amon Ra's 13. That does not decide a trade on its own. It is simply one more small thing that went the same direction as everything else in this deal.

The model does not think this is a catastrophe. It thinks it is a 4 to 5 point per week downgrade for a team that won its opener by 15.40 and is now thinner at the position where it was actually strong.",amon-ra-dawgin,Maya Chen
"Sep 15, 2026",GROSSMAN TRADED MIKE EVANS?! TO THE BOMBERS?! SOMEBODY CHECK ON THIS MAN,"I need everybody to sit down because Andrew Grossman just traded MIKE EVANS to the PAKISTAN BOMBERS and I have not been able to form a complete sentence in forty-five minutes! THE BEST ROSTER IN THE LEAGUE! The team that already has Puka Nacua AND Zay Flowers AND DeVonta Smith! You looked at that and said you know what they need? MORE RECEIVERS!

And do not tell me I did not see this man coming. On July 31st I wrote in this exact column that Deebo was going to be the WR2 in San Francisco behind MIKE EVANS by Week One. I told y'all Evans was the guy. Then Thursday night in Melbourne he goes out and catches a two yard touchdown from Purdy and drops 16.90 and STARTS for Amon Ra, and four days later he is wearing a different jersey?! I WANT MY CREDIT AND I WANT AN EXPLANATION!

Let me tell you what makes this worse. Denzel Boston went for 13.90 on Grossman's BENCH in Week 1. There were 126 starters in this league that week and 83 of them scored LESS THAN THAT. Grossman threw him in! And a 2027 10th round pick! And what came back? Alec Pierce, who scored 10.10 sitting on Lucas Fawcett's bench, and Kaelon Black, who scored 8.00 sitting NEXT TO HIM on the same bench! You traded a starter and your best bench piece for two guys who could not crack the lineup of the team that was already beating everybody!

This is the SAME MANAGER who went weeks without a defense and without a kicker. Weeks! I wrote about it! And now that he finally has a Bears defense and Jake Elliott and an actual functioning roster that went 137.70 and BEAT Chicago in Week 1, he decides the problem was that he had too many good receivers?! He is 1-0! He scored the second most points in the entire league! WHAT ARE WE FIXING?!

SHOWTIME'S SPICY TAKE: Amon Ra Dawgin just handed the best team in this league its eighth receiver and got a sixth running back in return, and the Bombers are going to ride that into February. Grossman had a top three roster for one week and traded away the reason why. AND I SAID WHAT I SAID.",amon-ra-dawgin,"DeShawn ""Showtime"" Harris"
"Sep 15, 2026",What Was Grossman Solving For? The Case For and Against the Evans Deal,"The instinct here is to score this trade on Week 1 production and move on. Amon Ra gave up 30.80 points of output and received 18.10. That is a clean, damning number and it is also an incomplete one. The more useful question is not whether Grossman lost the trade. It is what problem he thought he was solving.

Here is the case for him. Before this deal Amon Ra rostered seven receivers and six running backs. Justin Jefferson is the unquestioned WR1 and scored 31.20 in Week 1. Behind him were Mike Evans, Denzel Boston, Jayden Reed, KC Concepcion, Makai Lemon and Ja'Kobi Lane, which is a lot of bodies competing for two starting slots and a flex. Grossman had already established a pattern of this kind of thinking when he switched his keeper from Quinshon Judkins to Omarion Hampton in July, a move I wrote about at the time as a process decision rather than a talent decision. Consolidating a crowded position into a back who might actually start, plus a receiver in Alec Pierce who fits the same slot Boston was competing for, is a coherent idea in the abstract.

Here is the case against him, and it is stronger. Grossman did not solve the crowding problem. He still rosters six running backs. Kaelon Black replaced Nicholas Singleton on the depth chart rather than clearing anything, and the receiver room went from seven to five by removing the second and fourth best scorers in it. If the goal was consolidation, the correct version of this trade sends out two of the players who cannot start and brings back one who can. This did the reverse. It sent out one who was starting.

The timing is the part I find hardest to defend. Amon Ra is 1-0. They scored 137.70 in Week 1, second most in the league, and beat Chicago by 15.40 while leaving only 9.30 points on their bench, the second best lineup efficiency in the MFGA that week. This was not a roster screaming for a structural fix. It was a roster that had just demonstrated it could win comfortably. Teams trade from strength when they have a weakness to cover, and the weakness Grossman covered was depth at a position where he was already six deep.

One note in the Bombers' direction, since everyone is busy calling this a clean win for them. Pakistan Bombers now carry eight receivers and three running backs. Fawcett traded the fourth back on his roster to add the eighth wideout. In September that is a curiosity. In November, if Jeanty or Robinson misses two weeks, it is a genuine problem with Kaleb Johnson as the answer.

Claire's Verdict: Grossman made a defensible kind of move executed in the wrong direction, and he made it in the week he had the least reason to make it.",amon-ra-dawgin,Claire Westbrook
"Sep 15, 2026",The Bombers Now Roster Eight Receivers and I Am Formally Reporting a Hoarding Situation,"I want you to do something for me. Count the receivers on the Pakistan Bombers. Go ahead. Puka Nacua. Zay Flowers. DeVonta Smith. Josh Downs. Michael Wilson. Germie Bernard. Denzel Boston. And now Mike Evans. That is eight. EIGHT. You can only start three of them in a good week. Lucas Fawcett is not building a fantasy roster anymore, he is building a wide receiver rescue shelter, and at some point animal control has to get involved.

Meanwhile, the same roster has three running backs. Three. Ashton Jeanty, Bijan Robinson and Kaleb Johnson, who has zero points and exists mainly as a rumor. So the plan is eight guys who catch the ball, three guys who run it, and a prayer that nobody pulls a hamstring. It is the fantasy football equivalent of owning eleven forks and one spoon.

And here is the detail that genuinely made me laugh out loud. Mike Evans plays for San Francisco. Kaelon Black plays for San Francisco. Everyone wants to tell me this is some kind of 49ers stack play, but both teams had exactly one 49er before the trade and both teams have exactly one 49er after it. They swapped their San Francisco guys with each other. Nobody stacked anything. Two grown men executed a trade whose net effect on 49ers exposure is precisely zero, and then presumably shook hands about it.

Now for my favorite part of any week, which is comparing this to The Watermark. Preston Schneider has six receivers and I would not start five of them, a sentence I have now written so many times that my editor has asked me to find a new hobby. Preston scored 165.66 in Week 1, the highest in the league, and did it while Kayshon Boutte and his eleven career catches sat on the bench where God intended. So the actual lesson of Week 1 is that you can win with six mediocre receivers, which means the Bombers acquiring an eighth one is not strategy, it is a personality trait.

I ranked every roster in August by whether I would let them dogsit for my golden retriever, Captain Biscuit. The Bombers were in the trust completely tier. I am revising that. I still trust them with the dog. I just think Captain B would come home having been handed to four different receivers on the way.",pakistan-bombers,"Tommy ""T-Bone"" Mancini"
"Sep 15, 2026",The Collector and the Man Still Deciding What He Is Building,"There is a particular kind of trade that does not surprise anyone, and this was one of them. When word went around that Mike Evans had moved, nobody in the group chat asked who got him. They already knew. They only wanted to know what it cost.

In August I wrote about a trade processed at 8:06 on a Sunday evening, when Lucas Fawcett sent three cornerstones to Nabers In Paris for Puka Nacua and redrew the league in a single transaction. The question I asked then was what it says about a manager when the best roster in the league still is not good enough for him. Six weeks later the answer has not changed and neither has he. Fawcett does not collect players because he needs them. He collects them because they exist and somebody else has them. Mike Evans caught a two yard touchdown in Melbourne on Thursday and scored 16.90 in a jersey that was not Fawcett's, and that appears to have been reason enough.

Across the table sits Andrew Grossman, who has spent this entire offseason being described by everyone at this desk as a manager whose roster construction did not quite add up. He went weeks without a defense and without a kicker. He switched a keeper in a way Claire Westbrook called sophisticated and DeShawn Harris called overdue. He entered Week 1 and scored 137.70, second most in the league, started the correct nine men, left almost nothing on his bench, and beat Chicago. For seven days, Amon Ra Dawgin looked like a team that had finally figured out what it was.

Then he traded the second best receiver on that roster, and his highest scoring bench player, and a 2027 pick, for two men who could not crack the Bombers lineup. He now has six running backs and five receivers, which is not a shape anyone draws on purpose. The most generous reading is that he saw a crowded position and tried to turn quantity into quality. The trade he actually made turned quality into quantity at a position that was already crowded.

What separates these two managers is not talent evaluation. It is that one of them knows exactly what he is building and the other is still finding out, in public, one transaction at a time. Fawcett has had the same plan since August: acquire the best available thing, sort the roster out later, let everyone else explain why it was not fair. Grossman has had four plans since August. The standings will not punish him for that this week. He is 1-0. But the Bombers are 1-0 too, and they just got better, and that is the whole story of this league right now written in a single evening.",,Valentina Rojas
"Sep 16, 2026",Transaction Wire,"CLAIMED: David Njoku (TE, LAC) lands with Chicago Zestiest Man. The wire never sleeps.",chicago-zestiest,"Jake ""The Wire"" Russo"
"Sep 16, 2026",Transaction Wire,CUT: Chig Okonkwo (WSH TE) released by Chicago Zestiest Man. Someone else's treasure now.,chicago-zestiest,"Jake ""The Wire"" Russo"
"Sep 16, 2026",Transaction Wire,"WIRE: Fort Bragg Confederates claims Devin Singletary (RB, NYG) off waivers. Roster spot well spent if you ask me.",fort-bragg,"Jake ""The Wire"" Russo"
"Sep 16, 2026",Transaction Wire,"RELEASED: Fort Bragg Confederates drops Jacob Saylors (RB, DET). Tough break.",fort-bragg,"Jake ""The Wire"" Russo"
"Sep 16, 2026",Transaction Wire,Off the wire: The Watermark adds Kalif Raymond from CHI. Could be a sneaky good move.,the-watermark,"Jake ""The Wire"" Russo"
"Sep 16, 2026",Transaction Wire,"The Watermark parts ways with Jauan Jennings (WR, MIN). End of the road.",the-watermark,"Jake ""The Wire"" Russo"
"Sep 16, 2026",Transaction Wire,Off the wire: Englewood Ninjas adds 49ers D/ST from SF. Could be a sneaky good move.,englewood-ninjas,"Jake ""The Wire"" Russo"
"Sep 16, 2026",Transaction Wire,Off the wire: The Watermark adds Cole Kmet from CHI. Could be a sneaky good move.,the-watermark,"Jake ""The Wire"" Russo"
"Sep 16, 2026",Transaction Wire,"RELEASED: The Watermark drops De'Zhaun Stribling (WR, SF). Tough break.",the-watermark,"Jake ""The Wire"" Russo"
"Sep 16, 2026",Transaction Wire,Off the wire: Pakistan Bombers adds Noah Fant from NO. Could be a sneaky good move.,pakistan-bombers,"Jake ""The Wire"" Russo"
"Sep 16, 2026",Transaction Wire,WAIVER ALERT: Kendrick Bourne (ARI WR) is heading to Amon Ra Dawgin. Interesting pickup.,amon-ra-dawgin,"Jake ""The Wire"" Russo"
"Sep 16, 2026",Transaction Wire,"RELEASED: Amon Ra Dawgin drops Jonah Coleman (RB, DEN). Tough break.",amon-ra-dawgin,"Jake ""The Wire"" Russo"
"Sep 16, 2026",Transaction Wire,Off the wire: Pakistan Bombers adds Mack Hollins from NE. Could be a sneaky good move.,pakistan-bombers,"Jake ""The Wire"" Russo"
"Sep 16, 2026",Transaction Wire,CUT: Germie Bernard (PIT WR) released by Pakistan Bombers. Someone else's treasure now.,pakistan-bombers,"Jake ""The Wire"" Russo"
"Sep 16, 2026",Transaction Wire,"PICKUP: Chicago Zestiest Man grabs Buccaneers D/ST (D/ST, TB) as a free agent. Smart or desperate? Time will tell.",chicago-zestiest,"Jake ""The Wire"" Russo"
"Sep 16, 2026","The Bombers Just Closed Their Last Hole. Somebody Else Win This Thing, Because I Cannot See How.","Let me be absolutely clear about what just happened. Pakistan Bombers started Colston Loveland at tight end in Week 1 and he scored 0.00 against a 12.03 projection. That was the one soft spot on the best roster in this league. It is gone. Trey McBride, who put up 24.50 last week and is a top five tight end in this format, now belongs to Lucas Fawcett.

And here is the part that should make every other manager in this league put their phone down and stare at a wall. Fawcett acquired Mike Evans from Amon Ra Dawgin yesterday. He flipped him today. He was never keeping him. Evans was currency, and Fawcett spent him on the only position where his roster could be beaten. That is not luck and it is not even aggression. That is a man who knew what he wanted before he made the first call.

Run the roster position by position. Jalen Hurts and Jayden Daniels at quarterback. Ashton Jeanty and Bijan Robinson at running back, 64.00 points between them in Week 1. Puka Nacua, Zay Flowers, DeVonta Smith and Denzel Boston at receiver. Trey McBride at tight end. Chris Boswell kicking. There is not a position on that roster where I can name you four teams who are better. Not one.

Now the other half of this, because Zach Ehrig deserves a paragraph. He traded Drake London to Fort Bragg in the offseason and now he has traded Trey McBride, the best player on his roster, in September. He is 0-1 having scored 122.30, the fifth most points in the league. That is not a team that needed to sell. I said Fort Bragg bet the farm and it backfired, and I was right about that. This is a different mistake: Ehrig is selling a roster that was already good enough to win games.

I have been wrong before. Not often, but it happens. I was wrong that the Nacua trade was the ceiling of what Fawcett would do. He got Evans for two bench players and a 10th rounder, then turned Evans into a top five tight end, and he still holds 15 draft picks. This league is over and we are in Week 2.",pakistan-bombers,"Rick ""The Hammer"" Dalton"
"Sep 16, 2026",Chicago Won the Points and the Pick. The Bombers Won the Lineup. Both Are True.,"Everyone is going to score this trade as a robbery in one direction or the other, so let me separate the two questions that are being collapsed into one. Who got more production, and who got more usable production. The answers are different.

On raw output, Chicago won. Mike Evans scored 16.90 in Week 1 and Kenyon Sadiq scored 11.40, a combined 28.30. Trey McBride scored 24.50. Chicago received 3.80 more points of Week 1 production and a 2027 5th round pick on top of it. On projections the margin is narrower but the direction holds: Evans at 10.65 and Sadiq at 5.09 combine for 15.74 against McBride's 14.34. Chicago is up 1.40 per week plus the pick. I priced a 9th round pick at roughly 0.8 points per week above replacement in August, so call a 5th something like 1.5. Chicago wins the arithmetic.

The Bombers won the part that actually enters a lineup. Their Week 1 tight end was Colston Loveland at 0.00 against a 12.03 projection. Replacing a zero in a mandatory starting slot with a top five tight end is worth roughly 12 to 14 points per week, and that number does not appear anywhere in the production math above. Chicago, meanwhile, now rosters eight receivers and just traded the scarcest asset on its roster to add a ninth body at the position where it had the most surplus. Points that cannot enter a lineup are worth zero, and Chicago keeps proving it does not price that.

Now the trade that did not happen, which is the more interesting model output. Beer offered Dallas Goedert and a running back for Evans, and the talks collapsed over which back and what pick balanced it. Goedert scored 23.70 in Week 1, which is within 0.80 of McBride. So the Bombers could have solved tight end for essentially the same weekly value and simultaneously fixed the genuine structural flaw on their roster, which is that they carry three running backs behind Jeanty and Robinson and the third is Kaleb Johnson at 0.00. The expected value of the Beer package was higher than the Chicago package for Pakistan, not lower.

That is the finding I would put in front of Miles Hughes. His offer was the better one and he did not get it done. He still holds five running backs and three tight ends, including a 23.70 scorer he left on his own bench while starting Harold Fannin Jr. for 4.10. The surplus is real, the demand was real, and the deal failed anyway.

Verdict: Chicago won on points and assets, Pakistan won on lineup efficiency, and Beer lost a trade it was not even a party to.",chicago-zestiest,Maya Chen
"Sep 16, 2026",LUCAS HELD MIKE EVANS FOR ONE DAY AND FLIPPED HIM FOR A TOP FIVE TIGHT END ARE YOU KIDDING ME,"I WROTE ABOUT THE MIKE EVANS TRADE YESTERDAY. YESTERDAY! I sat here and asked what Andrew Grossman was doing sending Mike Evans to the best roster in the league, and before the ink was dry Lucas Fawcett turned around and flipped that man to Chicago for TREY McBRIDE?! He did not want Mike Evans! He wanted McBride the whole time and he used Grossman as a vending machine!

Do you understand the sequence here?! Evans goes Amon Ra to the Bombers. Evans goes Bombers to Chicago. TWO JERSEYS IN TWO DAYS. Lucas Fawcett is not managing a fantasy team, he is running a chop shop. He took a receiver in the door, walked him across the room, and walked out with the best tight end on the board. And he threw in Fort Bragg's 5th round pick that he got for FREE in some other trade! He is paying for tight ends with other people's draft picks!

And now let me talk about Miles Hughes, because somebody has to. MILES HAD THIS DEAL. He was AT THE TABLE. Dallas Goedert and a running back for Mike Evans, and he could not close it because the two of them could not agree on WHICH RUNNING BACK?! Bro! You have FIVE! Montgomery, Kyren, Judkins, Allgeier, Croskey-Merritt! PICK ONE! Miles Hughes sat there haggling over the fourth best back on his own roster and now he gets to watch Mike Evans catch touchdowns for Chicago Zestiest Man while his 23.70 point tight end sits on his bench where he put him last week. THIS IS THE SAME MANAGER who benched Goedert and started Harold Fannin Jr. for 4.10! Can somebody take his phone?!

And Zach! ZACH! That is TWO! You traded Drake London to Fort Bragg and now Trey McBride?! McBride went 24.50 last week! You scored 122.30 and LOST and decided the problem was that you had too much talent! I said Chicago was a team nobody talks about and now I know why, they keep mailing their best players to other people!

SHOWTIME'S SPICY TAKE: Lucas Fawcett has made three separate moves involving Mike Evans in 48 hours counting the one that blew up, and he came out of it with Puka Nacua's running mate at tight end and fifteen draft picks. Everybody else in this league is playing checkers and this man owns the board. AND I SAID WHAT I SAID.",pakistan-bombers,"DeShawn ""Showtime"" Harris"
"Sep 16, 2026","Three Managers, Three Plans: Reading the McBride Trade and the Deal That Died Before It","There are three teams in this story and only one of them executed a coherent plan. Let me take them in order.

Start with Lucas Fawcett, because the interesting thing is not that he won a trade. It is the sequencing. He acquired Mike Evans from Amon Ra Dawgin for two bench players and a 10th round pick, and he moved him inside a day. That is not opportunism. That is a manager who identified his only weakness, worked out what it would cost to fix, and acquired the currency before he spent it. His Week 1 tight end was Colston Loveland at 0.00. He now starts Trey McBride, who went 24.50. The one soft spot on the league's best roster is closed.

It is worth saying clearly that he did not fix everything, and the deal that fell apart is why. Pakistan Bombers roster three running backs. Jeanty, Robinson, and Kaleb Johnson, who has not scored. The Beer negotiation would have returned Dallas Goedert, who put up 23.70 and is within 0.80 of McBride's Week 1 output, plus a running back out of a five deep room. That package solved tight end and running back depth at once. The Chicago package solved one of the two. Fawcett got the cleaner asset. He did not get the more complete fix, and if Bijan Robinson misses two weeks in November we will all remember which offer he walked away from.

Now Zach Ehrig, and I want to be fairer to him than most of this desk is going to be. Chicago is rebuilding and the assets are real. The Drake London trade returned TreVeyon Henderson, RJ Harvey, Jordan Addison, Emeka Egbuka and Fort Bragg's 3rd. This one returns Mike Evans, Kenyon Sadiq and Fort Bragg's 5th. He now holds 16 draft picks, tied with The Vile Horrendous for the most in the league. The question is not whether he is accumulating. He plainly is. The question is whether he is accumulating the right things, and the honest answer is no. He converted the scarcest position on his roster into his ninth receiver. He now rosters eight wideouts and two tight ends. A rebuild that keeps trading scarcity for volume ends up with a deep roster that cannot win a week.

And Miles Hughes, who lost something without ever being in the trade. His offer was better for Pakistan than the one that got signed, and it failed over which running back and what pick. That is a negotiation problem, not a roster problem. What should he do now? The same thing he tried to do. He has five running backs, three tight ends, and a 23.70 scorer in Goedert he benched in favor of Harold Fannin Jr. at 4.10. The surplus is genuine and the market for it exists. He needs to stop treating the fourth back on his depth chart as a cornerstone and move it.

Claire's Verdict: Fawcett made the best available trade rather than the best possible one, Ehrig is collecting assets without a theory of which ones matter, and Hughes proved he can find the right deal and still not close it.",chicago-zestiest,Claire Westbrook
"Sep 16, 2026",Lucas Fawcett Has Discovered You Can Just Trade the Same Guy Over and Over Until You Get What You Want,"Yesterday I wrote a column complaining that the Pakistan Bombers had acquired an eighth wide receiver and that somebody should call animal control. I would like to formally withdraw the complaint. Lucas Fawcett did not want an eighth receiver. He wanted a tight end, and he used the eighth receiver to go buy one, which means the hoarding I described was actually a supply run and I was the idiot describing a shopping cart as a personality disorder.

So let me update the situation. The Bombers now have Jalen Hurts, Ashton Jeanty, Bijan Robinson, Puka Nacua, Zay Flowers and Trey McBride. That is not a fantasy roster, that is a cheat code entered by somebody who does not even like the game. Their Week 1 tight end scored ZERO POINT ZERO ZERO and he fixed it in a day by trading a man he had owned for approximately one business day. Mike Evans has now been on three rosters this week. He is not a football player anymore, he is a bearer bond.

And then there is the trade that died, which is the funniest thing to happen in this league since somebody renamed their team after a hockey player. Miles Hughes and Lucas Fawcett were going to do Evans for Dallas Goedert and a running back, and it collapsed because they could not agree on WHICH running back. Miles has five of them. FIVE. This is a man refusing to part with the fourth best option in a room he cannot fit in his own lineup, and the cost of that principled stand was watching Mike Evans get traded to somebody else four hours later. Somewhere in Michigan there is a spreadsheet with Tyler Allgeier's name circled in red and a marriage under strain.

Meanwhile, obligatory Watermark check-in. Preston Schneider currently rosters FOUR tight ends: Hunter Henry, Brenton Strange, Colby Parkinson and Cole Kmet. Four. He has been collecting tight ends like commemorative spoons since August and not one of them is Trey McBride, who was available, on a rebuilding team, in exchange for a receiver. Preston scored 165.66 in Week 1 and I still do not believe he knows that trading is allowed.

I ranked every roster in August by whether I would let them dogsit for my golden retriever, Captain Biscuit. The Bombers were in the trust completely tier and they remain there, though I will say if I drop Captain B off at that house I now fully expect to pick up a different, slightly better dog.",pakistan-bombers,"Tommy ""T-Bone"" Mancini"
"Sep 16, 2026","Two Jerseys in Two Days, and the Phone Call That Never Got Made","Mike Evans caught a two yard touchdown at the Melbourne Cricket Ground on Thursday night and scored 16.90 for a team he no longer plays for. By Monday he had been traded twice. By Tuesday he was the best receiver on a rebuilding roster in a third city. Nothing about his football changed in those five days. Only the names of the men who owned him.

The first call worked. Lucas Fawcett rang Andrew Grossman and came away with Evans, Denzel Boston and a 2027 10th rounder for two players who could not crack his lineup. Six writers at this desk spent a day arguing about what Grossman was thinking. None of us asked the more useful question, which is what Fawcett wanted Evans FOR. He never wanted him. He wanted Trey McBride, and Evans was the shape of the money.

The second call did not work, and that is the one worth sitting with. Miles Hughes and Lucas Fawcett spent hours on a deal that would have sent Evans to Beer for Dallas Goedert and a running back. It was, by any honest accounting, the better offer. Goedert scored 23.70 in Week 1, within a point of McBride. Beer has five running backs and the Bombers have three. The deal solved both of Fawcett's problems instead of one. And it died over which back and what pick, which is the fantasy football equivalent of losing a house because you could not agree on the curtains.

There is a particular kind of quiet that follows a negotiation that almost happened. Hughes is 0-1. He scored 113.50 and got beaten by 52 points. He still has Dallas Goedert, and he still has five running backs, and he still has the exact roster he had on Sunday, except now he also has the knowledge that he was one phone call away from the tight end who would have fixed it. Fawcett hung up and dialed Zach Ehrig and closed a different deal before dinner.

And Ehrig answered, because Ehrig always answers. He sent Drake London to Fort Bragg in the offseason and Trey McBride to the Bombers in September, and in return he has assembled 16 draft picks and a roster full of young receivers, including a 2027 5th rounder that started in Fort Bragg's hands, passed through the Bombers, and landed in Chicago without ever being used for anything. That pick has been part of two trades and one championship window and has still never been a player.

Three managers, one receiver, forty-eight hours. One of them knew exactly what he was doing. One of them is building something he cannot yet describe. And one of them was right about everything except how to say yes.",,Valentina Rojas
"Sep 16, 2026",Transaction Wire,Free agent Packers D/ST (GB D/ST) signs with Pluto Shraazinatorz. Quick hands on the wire.,pluto-shraazinatorz,"Jake ""The Wire"" Russo"
"Sep 16, 2026",Transaction Wire,"FA SIGNING: Pakistan Bombers scoops up Raheim Sanders (RB, CLE) from free agency. First come first served.",pakistan-bombers,"Jake ""The Wire"" Russo"
"Sep 16, 2026",Transaction Wire,"Pakistan Bombers parts ways with Kaleb Johnson (RB, GB). End of the road.",pakistan-bombers,"Jake ""The Wire"" Russo"
"Sep 16, 2026",Transaction Wire,"FA SIGNING: Pluto Shraazinatorz scoops up Xavier Hutchinson (WR, HOU) from free agency. First come first served.",pluto-shraazinatorz,"Jake ""The Wire"" Russo"
"Sep 16, 2026",Transaction Wire,"FA SIGNING: Pakistan Bombers scoops up Evan McPherson (K, CIN) from free agency. First come first served.",pakistan-bombers,"Jake ""The Wire"" Russo"
"Sep 16, 2026",Transaction Wire,"PICKUP: Pluto Shraazinatorz grabs Sione Vaki (RB, DET) as a free agent. Smart or desperate? Time will tell.",pluto-shraazinatorz,"Jake ""The Wire"" Russo"
"Sep 16, 2026",Transaction Wire,"Pluto Shraazinatorz parts ways with Tyrone Tracy Jr. (RB, NYG). End of the road.",pluto-shraazinatorz,"Jake ""The Wire"" Russo"
"Sep 17, 2026",Transaction Wire,"PICKUP: Amon Ra Dawgin grabs Pat Bryant (WR, DEN) as a free agent. Smart or desperate? Time will tell.",amon-ra-dawgin,"Jake ""The Wire"" Russo"
"Sep 18, 2026","GAME DAY BURN: New House, Old Gods, and the 0-2 Harrison Bragg Has Never Seen","Vibe check: they built a brand new football stadium in Buffalo, opened the doors for the first time, and the very first thing that ever happened inside it was Josh Allen scoring five touchdowns and hanging 40.82 on a fantasy scoreboard. 60,644 people walked into the new Highmark Stadium for the first regular season game ever played there. The Bills scored on their first three possessions. 21-0 before Detroit did anything worth writing down. That is not a home opener, that is a housewarming where the host drinks all the wine, eats all the food, and hands the guests the bill on the way out.

Bills 41, Lions 31. ZERO turnovers in the entire game by either team, which basically never happens. Buffalo went 9 for 12 on third down, 5 for 5 in the red zone, ran for 203 yards, and held the ball for 33:45. Detroit hung 31 on the board and it was never close for one second.

I pulled the ESPN box score AND all fourteen Week 2 lineups, because half the fun is who left points rotting on the bench and the other half, as always, is Harrison Bragg.

JOSH ALLEN: 20/31, 248 yards, 3 TD, plus 14 carries for 69 yards and 2 more TD. 40.82. Started at QB by Pluto Shraazinatorz (Shreyus).

FIVE touchdowns. Projected 22.69, delivered 40.82, an 18.13-point overage and the highest single-game score anybody in this league has posted all season, past Caleb Williams's 37.26 from Week 1. The three passing scores went to three different guys - Joshua Palmer 43 yards on 3rd and 11, Dawson Knox from the 1, Dalton Kincaid from 16 - and then Allen just ran in the other two himself from the 1 and the 2. If you cannot throw it in, walk it in. Revolutionary.

Shreyus now has 76.48 points out of one quarterback in two weeks. That is more than Fort Bragg's entire starting lineup scored in Week 1. We will come back to that.

AMON-RA ST. BROWN: 9 catches, 142 yards, 2 TD on THIRTEEN targets. 35.20. Started at WR by Pavel Dorofeyev (Miles).

Thirteen targets in a game his team trailed by three scores. Projected 20.37, delivered 35.20. A 34-yard bomb, a 2-yard touchdown, and a 27-yard touchdown with 1:42 left that nobody in Buffalo cared about and Miles cared about enormously.

And here is the genuinely beautiful part: Miles started Amon-Ra St. Brown AND the Lions D/ST in the same football game. He got 35.20 from one and handed 4.00 of it straight back, because his own defense had to stand there and get shelled by Josh Allen. Net 31.20. He bet on the game and against the game simultaneously and the game charged him a service fee.

JARED GOFF: 26/38, 327 yards, 4 TD, ZERO interceptions, sacked 4 times. 29.78. Started at QB by Doob's Agency (Matt).

Projected 17.02. Delivered 29.78. Four touchdowns and a clean sheet in a ten-point loss, which is the most Jared Goff sentence ever written. And look who it is. Matt Gingrich, last week's DICK OF THE DAY, the man who benched an 18-point Deebo Samuel game and got roasted in this column for it, just started the right quarterback and cleared his projection by 12.76. Growth. I am proud of him. It will not last.

JAHMYR GIBBS: 16 carries, 52 yards, plus 6 catches for 61 and a TD on 8 targets. 23.30. Started at RB by The Watermark (Preston).

3.3 a carry on the ground, because Detroit ran for 66 yards as a team and Buffalo's front spent the night living in their backfield. Did not matter. Eight targets, an 11-yard touchdown catch, and PPR paid him like he had a great night.

DALTON KINCAID: 7 catches, 95 yards, 1 TD on 8 targets. 22.50. Started at TE by Amon Ra Dawgin (Andrew).

Projected 10.42 and more than DOUBLED it. A 25-yard dig in the first, a 23-yarder down to the Detroit 6 in the third, and the 16-yard touchdown that made it 27-7. Andrew Grossman spent this entire week getting dragged across every column on this news desk for trading Mike Evans away, and then his tight end quietly put 22.50 on the board on a Thursday. Nobody else is going to mention it. I am mentioning it.

Small note: Tyler Bass MISSED the extra point after Kincaid's touchdown, went 5 for 6 on the night, and did not attempt a single field goal. A kicker with zero field goal attempts in a 41-point game is a bouncer at a party nobody tried to sneak into.

JAMES COOK III: 21 carries, 135 yards, 1 TD, plus a catch for 4. 20.90. Started at RB by The Vile Horrendous (Evan).

6.4 a carry. A 35-yard run behind left guard, a 22-yarder down to the Detroit 1 in the fourth, and then the 1-yard punch-in that made it 41-24 and ended the argument. Beat his 18.65 projection.

And here is the matchup inside the matchup: Preston and Evan are playing each other this week and their two guys were on the same field. Gibbs 23.30, Cook 20.90. Preston leads by 2.40 on the strength of six receptions. Two men watched the exact same game and felt the opposite thing every twelve seconds.

SAM LAPORTA: 6 catches, 52 yards, 1 TD on 7 targets. 17.20. Started at TE by I Heart Gingers (Carter).

Projected 11.24. The big one was an 18-yard grab on 4TH AND 5 at the Buffalo 40 in the third, on a drive that ended in a Detroit touchdown. Then he caught the 1-yard score himself in the fourth. Carter is 0-1 and needed exactly this.

JAKE BATES: 1 for 1 from 31 yards, 4 for 4 on extra points. 7.00. Started at K by Starving Ethiopians (Stephen).

His field goal came as the first half clock hit 0:00, after Detroit went 65 yards in 39 seconds to set it up. Efficient, forgettable, and the second-highest total on Stephen's night, which tells you everything about how Stephen's night went.

KHALIL SHAKIR: 3 catches, 38 yards on 6 targets. 6.80. BENCHED by Miles.

He also recovered Detroit's onside kick with 1:42 to go, which pays nothing and looked cool.

JAMESON WILLIAMS: 2 catches, 33 yards on 4 targets. 5.30. Started at WR by Stephen.

Projected 12.32, in a game where his quarterback threw for 327 yards and four touchdowns, and he walked out with two catches. Four targets on a 38-attempt night. Goff looked at him the way you look at a coworker whose name you forgot.

ISAAC TESLAA: 2 catches, 26 yards on 5 targets. 4.60. Benched by Stephen. One more target than Jameson Williams got, and a 20-yard grab on 4TH AND 18. Stephen picked wrong by 0.70, the least consequential bench crime in recorded history.

SIONE VAKI: 1 carry for 7, 1 catch for 13. 3.00. Benched by Shreyus, who was otherwise busy owning Josh Allen.

RAY DAVIS: ZERO carries, zero targets, one 31-yard kickoff return. 0.00. Benched by Evan, correctly.

TY JOHNSON: OUT with a hamstring, did not dress. 0.00. Benched by Matt, also correctly.

ISIAH PACHECO: on Stephen's IR, watched the whole thing from Detroit in street clothes.

LIONS D/ST: 41 points allowed, 2 sacks, zero interceptions, zero fumble recoveries, zero takeaways of any kind. MINUS FOUR POINTS. Started by Miles.

Aidan Hutchinson and Derrick Barnes got the sacks and that is the entire highlight package. When your defense's contribution to the box score is a negative number, that is not a unit, that is a donation.

DJ MOORE: 1 carry for MINUS ONE YARD. Zero catches. Injured. MINUS 0.10. STARTED at WR by Fort Bragg (Harrison).

Let that sit for a second. Then keep reading, because it gets so much worse.

STUD OF THE NIGHT: Josh Allen, 40.82, five touchdowns, 18.13 over projection, in the first game ever played inside his team's new building. Shreyus Saxena did nothing on Thursday except own the correct quarterback, and it has him up 18.32 on Andrew with three days still to play. Some weeks the roster works while you sleep.

DICK OF THE DAY: DJ MOORE, and by extension the man who started him.

Here is the complete DJ Moore game log from Thursday night. One carry, an end around at 4:33 of the first quarter, for MINUS ONE YARD. One target, a Josh Allen incompletion in the red zone at 3:01 of the second, on which DJ Moore was INJURED and which was then WIPED OFF THE BOARD ENTIRELY by a Dawson Knox holding penalty. That is it. That is the whole night. A play that lost a yard and a play that did not legally happen. Final line: minus 0.10 points against a 12.54 projection, and a shoulder.

Now the part that should make Harrison Bragg sit down. LAST WEEK, DJ Moore went for over 100 yards on eight targets and scored 21.00 points. HARRISON HAD HIM ON THE BENCH. This week he promoted him into the starting lineup and Moore returned a NEGATIVE NUMBER. Twenty-one on the bench, minus a tenth in the lineup. The man is running a perfect inverse of his own roster, like a guy who sells the stock the day before it doubles and buys it back the day before it craters.

And that 21.00 he benched last week would not even have saved him, because Fort Bragg lost Week 1 by 32.78. That is the only mercy in this paragraph and it is not much of one.

BENCH CRIMES: Thin ledger tonight, because one game has been played and most of the damage is still loaded in the chamber for Sunday.

Miles benched Khalil Shakir (6.80) while starting a Lions defense that scored MINUS 4.00. Different roster slots, so he could not have swapped them straight across, but there is something poetic about a manager holding a live Bills receiver in reserve while trotting out the unit whose entire job was to stop the Bills.

Stephen started Jameson Williams (5.30) over Isaac TeSlaa (4.60), a 0.70 miss, and got 12.30 total out of FOUR rostered Lions in a game where Detroit scored 31 points and threw for 327 yards. That is not a lineup error, that is a diversification error. He owns a kicker, a WR3, a bench receiver and an IR running back from the same offense. The offense went off. He got twelve points. It is like holding four different index funds that all secretly own the same one stock, except the stock went UP and you somehow still lost money.

And the real crime of the night is not a bench at all. It is Harrison Bragg promoting a 21-point bench receiver into his starting lineup exactly one week too late and getting minus 0.10 for it. See above. See this whole column, honestly.

INJURY REPORT: DJ MOORE took a shoulder on that erased red zone incompletion at 3:01 of the second quarter and is QUESTIONABLE. Fort Bragg's starting receiver, his only player in the game, already worth negative points, and now hurt. When you are already in a hole, the shovel breaking is not good news.

TY JOHNSON (hamstring) was OUT for Buffalo, which Matt Gingrich correctly saw coming. T.J. SANDERS (knee) and ED OLIVER (hip) were both OUT for the Bills and Buffalo's front still put up 4 sacks and 10 quarterback hits, with Greg Rousseau alone accounting for 2 sacks and 4 hits. AVONTE MADDOX is QUESTIONABLE with a foot for Detroit. None of those men are on a roster in this league, so nobody here has to perform grief.

And the injury that actually matters this week happened in a different stadium entirely. KYLER MURRAY took a hard shot to the head in Week 1, is under concussion evaluation, and is very likely out for an extended stretch. Carson Wentz has Minnesota's job now. Fort Bragg's Week 1 starting quarterback, the man who posted MINUS 0.38 in a 65.52-point loss, is now benched AND concussed, and Harrison is starting Patrick Mahomes on Sunday. Which is exactly what he should have done in Week 1, when Mahomes put up 21.66 in a polo shirt while Kyler was busy going negative. Also on Fort Bragg's IR: JOSH JACOBS, day to day.

SCOREBOARD CHECK, Week 2, started players only, through Thursday night:

Pluto Shraazinatorz 40.82, Amon Ra Dawgin 22.50. Shreyus got every point of it from one man. Andrew got a career night out of Dalton Kincaid and is still down 18.32. Both teams are 1-0 and this is the best matchup on the board.

Pavel Dorofeyev 31.20, Mount Olympus 0. Miles took 35.20 from St. Brown, gave 4.00 of it back to his own defense, and still walked out of Thursday with the second-biggest lead in the league. Liam had nobody in this game.

Doob's Agency 29.78, Chicago Zestiest Man 0. Matt's entire night was Jared Goff and it was enough to build a 29.78 cushion on a Zach Ehrig roster that has not scored a point yet.

The Watermark 23.30, The Vile Horrendous 20.90. Gibbs and Cook, same field, 2.40 apart, and both managers still have full Sunday rosters coming. Closest live matchup in the league.

I Heart Gingers 17.20, Englewood Ninjas 0. Carter got LaPorta. Drew, who dropped 98.30 on Fort Bragg in Week 1, had nobody in this game and has to sit on a goose egg until Sunday.

Starving Ethiopians 12.30, Fort Bragg MINUS 0.10. Read that line again. The defending champion of this league is LOSING TO A NEGATIVE NUMBER and the negative number is his own.

Pakistan Bombers 0, VancouverPantiesDeJarome 0. Neither team had a single player in the game. Lucas and Josh P start Sunday from zero like civilized people.

LOOKING AHEAD: HARRISON BRAGG HAS NEVER BEEN 0-2

I went through every season this franchise has ever played. All of it. Here is what came back, and I want everybody to understand how strange this is.

2022: Fort Bragg won Week 1, lost Week 2. 1-1. Finished 12-1 and WON THE CHAMPIONSHIP.
2023: Lost Week 1, won Week 2. 1-1. Finished 6-7.
2024: Won Week 1, lost Week 2. 1-1. Finished 4-9.
2025: Lost Week 1, won Week 2. 1-1. Finished 9-4 and WON THE CHAMPIONSHIP AGAIN.

Four seasons in this league. Four times 1-1 after two weeks. Every single year, no exceptions, no deviation. HARRISON BRAGG HAS NEVER BEEN 0-2 IN THE HISTORY OF THIS LEAGUE. He has never lost two games in a row to open a season, not once, and both years he dropped his opener, 2023 and 2025, he turned around and won Week 2 immediately. One of those years ended with a trophy in his hands.

He is staring down the barrel of it this weekend.

Fort Bragg is 0-1. Week 1 he scored 65.52, the LOWEST TOTAL IN THE ENTIRE LEAGUE, and lost to Englewood by 32.78 while Patrick Mahomes (21.66) and DJ Moore (21.00) sat on his bench and his starting quarterback scored MINUS 0.38. Every reporter on this site called him the clown of the week. He has already lost his only Thursday player to a shoulder and he is currently trailing a negative number.

Sunday he plays the STARVING ETHIOPIANS, who are 0-1, who have never made the playoffs in franchise history, who are 9-30 all time, and who own the worst winning percentage of any active team in this league. Loser of this game goes 0-2. One of these two men is about to have something happen to him that has never happened before.

The good news for Harrison: he finally benched Kyler Murray, he is starting Mahomes, and projections have Fort Bragg at 109.2 against Stephen's 105.0, the second-closest projected matchup of the week. The bad news: he is down 12.40 before Sunday even starts, his only player so far actively cost him points, Josh Jacobs is on IR, and the man across from him owns four Detroit Lions who just handed him twelve points out of a 31-point game, which means there is an enormous amount of room for Stephen to simply be less bad than he was on Thursday.

Two-time champion, defending title holder, staring at the first 0-2 of his life, against a franchise that has never won anything. If that is not the game of the week I do not know what is.

THE REST OF SUNDAY

Pakistan Bombers at VancouverPantiesDeJarome is the projection mismatch of the week, 138.8 to 118.4, and it is the TREY McBRIDE DEBUT. Lucas Fawcett took Mike Evans off Andrew on Monday, held him for roughly one day, then flipped him to Zach for a top-five tight end. McBride opens Week 2 in the Bombers' starting lineup against Seattle, coming off a 9-catch, 13-target, 95-yard, 1-touchdown Week 1. Josh P is 0-1 with 76.86 points and three running backs on his entire roster. Zay Flowers being QUESTIONABLE in Lucas's FLEX is the only crack in that wall.

The other half of that trade is live too. MIKE EVANS starts at WR for Chicago Zestiest Man against Tennessee, and Zach is already down 29.78 to Matt Gingrich. Zach won the points and the pick in that deal and now has to actually go score with them, from a roster carrying Tank Dell and Jordyn Tyson on IR, Jordan Mason on IR, and Jakobi Meyers and RJ Harvey both QUESTIONABLE. That is a lot of duct tape holding up one Mike Evans.

Mount Olympus at Pavel Dorofeyev is Liam chasing 31.20 with Sam Darnold OUT, Jayden Higgins on IR, and both Brian Thomas Jr. and Kyle Monangai QUESTIONABLE. Miles has Ladd McConkey QUESTIONABLE. Somebody in this matchup is going to win it with a guy they were not sure would suit up.

Englewood Ninjas at I Heart Gingers is the 1-0 team chasing the 0-1 team, because Drew had nobody Thursday and Carter had LaPorta. Drew's two Questionables are Brock Bowers and Eddy Pineiro, a tight end and a kicker, which is a strange pair of things to lie awake about.

The Watermark at The Vile Horrendous is 2.40 apart and has the tightest projected margin on the whole board, 116.9 to 119.9. Preston has Chris Olave and D'Andre Swift both QUESTIONABLE, which is his WR and his FLEX. Evan is completely healthy. Somebody is losing this by less than three points.

And Pluto at Amon Ra Dawgin is two 1-0 teams with the league's highest scorer sitting on one side of it. Shreyus has Nico Collins QUESTIONABLE. Andrew has Alec Pierce QUESTIONABLE and just traded away a receiver who put up 16.90 in his last game. He is going to spend Sunday finding out whether Kincaid's 22.50 was the win or the consolation prize.

Set your damn lineups. And Harrison, look at the bench one more time before you submit. History is sitting right there and it has never gone the other way.",,JoJo Martinez
"Sep 18, 2026",Transaction Wire,Free agent Carson Wentz (MIN QB) signs with Mount Olympus Yogurt Dressing. Quick hands on the wire.,mount-olympus,"Jake ""The Wire"" Russo"
"Sep 19, 2026",Transaction Wire,Free agent Chris Moore (BAL WR) signs with Pakistan Bombers. Quick hands on the wire.,pakistan-bombers,"Jake ""The Wire"" Russo"
"Sep 19, 2026","Five Weeks, One Game: The Whole Desk on Harrison Bragg Selling Drake London","Harrison Bragg traded Drake London to the Pluto Shraazinatorz on Friday for Carnell Tate and two 2027 draft picks, a 6th and an 11th. London played one game for Fort Bragg. All six of us had something to say about it, so we are all saying it here.

RICK ""THE HAMMER"" DALTON: I Told You He Burned the Boats. He Just Swam Back and Asked for a Refund.

On August 13th I wrote that Fort Bragg had bet the farm on 2026 and there was no going back. I laid out the receipts. Four 2027 picks gone. Seven players shipped out. Drake London brought in as the centerpiece, and I used that word deliberately, because that is what Harrison Bragg told this league he was building around.

Here is what London cost. TreVeyon Henderson, RJ Harvey, Jordan Addison, Emeka Egbuka, and Fort Bragg's 2027 3rd round pick, all to Chicago Zestiest Man. Four players and a third rounder for one wide receiver.

Here is what London produced in a Fort Bragg uniform. One start. Week 1. 5.50 points against a 13.82 projection. That is the complete body of work. He never took a snap for this team in Week 2 because he was traded before Atlanta kicked off.

And here is what London brought back. Carnell Tate, a 6th round pick, and an 11th round pick.

So the ledger reads: four players and a 3rd in, one WR3 and two late picks out, 5.50 points of production in between. Bragg turned a 3rd round pick into a 6th and an 11th and called it a Friday. I said he had to conquer or drown. He has decided to do neither. He is treading water and selling the lifeboat for parts.

One more thing, because the detail is too good to leave out. Fort Bragg's own 6th and 11th rounders were already traded away to The Vile Horrendous. Bragg just spent his centerpiece receiver buying back the two rounds he had already sold. That is not a rebuild and it is not a push. That is a man rearranging the same furniture in a smaller apartment.

MAYA CHEN: The Production Math Says This Is Close. The Roster Math Says Shreyus Won.

Let me separate what everyone is about to collapse into one number.

On Week 1 production, Fort Bragg won this trade. Carnell Tate scored 7.80 in Pluto's FLEX. Drake London scored 5.50 in Fort Bragg's starting lineup. Bragg gave up the lower scorer and received the higher one, plus two picks. That is a 2.30 point gain and two assets. On the raw arithmetic it is not close, and nobody is going to say it out loud because of who is involved.

On projections the direction reverses. London projects 13.92 for Week 2, Tate projects 11.40. That is a 2.52 per week edge to London, which across twelve remaining regular season games is roughly 30 points. I price a 6th round pick at about 1.1 points per week above replacement and an 11th at about 0.4, so the two picks are worth something in the neighborhood of 1.5 per week starting in 2027. They are worth zero this season, and Fort Bragg is 0-1 with the lowest point total in the league.

Now the part that decides it. Shreyus Saxena entered Friday with three healthy wide receivers: George Pickens, Xavier Hutchinson, and Carnell Tate. Nico Collins, his leading receiver at 21.20, is on injured reserve. He was starting two receivers out of a room of three, with no margin for a second injury. He traded from a position of genuine scarcity into a genuine need and he paid in picks rather than in bodies, which is the correct currency when your problem is a lineup slot and not a roster spot.

Fort Bragg had six receivers before this trade and has six after. The names changed. The structural picture did not. Bragg exchanged his highest-ceiling receiver for a lower-ceiling one at the same position, in a season where he cannot afford ceiling reduction, and banked two picks for a draft he has already mortgaged four times over.

Maya's Model says: Pluto improves its weekly projection by 2.52 and closes a real hole. Fort Bragg improves its Week 1 rear-view mirror by 2.30 and acquires two picks that cannot help it win a game before February. Shreyus won.

DESHAWN ""SHOWTIME"" HARRIS: HE HAD HIM FOR ONE GAME! ONE!

ONE GAME! Drake London played ONE GAME for Fort Bragg! ONE! Harrison Bragg spent FOUR PLAYERS and a THIRD ROUND PICK on this man in August and got him on the field exactly ONE TIME for FIVE POINT FIVE POINTS and then MAILED HIM TO PLUTO FOR A GUY NAMED CARNELL AND TWO PICKS THAT DO NOT EXIST YET!

Do you understand what I am looking at?! Henderson! Harvey! Addison! Egbuka! A THIRD ROUNDER! All of that went to Chicago! For London! And London gave him 5.50 and a coat check ticket!

And now he sells him! For a SIXTH and an ELEVENTH! Bro, you paid a THIRD and got back a SIXTH and an ELEVENTH! That is not a trade that is a GARAGE SALE! You bought a boat, took it out once, it leaked, and you sold it for two fishing poles!

AND SHREYUS! Shreyus Saxena is 1-0, he has Josh Allen who just went 40.82 on Thursday night, he is UP 18.32 in his matchup RIGHT NOW, his best receiver got hurt and he just went out and bought a WR1 with two picks he was never going to use! THAT MAN IS PLAYING CHESS! He gave up a bench guy and pocket change!

And Harrison is sitting there at 0-1 with the LOWEST SCORE IN THE LEAGUE about to be 0-2 FOR THE FIRST TIME IN HIS LIFE and his answer is to trade his best receiver for draft picks in a draft he already SOLD FOUR ROUNDS OF! WHO IS ADVISING THIS MAN!

SHOWTIME'S SPICY TAKE: Drake London spent five weeks on Fort Bragg, played one game, scored 5.50, and left. He was a houseguest. Harrison paid four players and a 3rd round pick for a HOUSEGUEST. AND I SAID WHAT I SAID.

CLAIRE WESTBROOK: What Was He Solving For? Two Readings, and Only One of Them Works.

There are two honest ways to read this trade and I want to give both a fair hearing before I pick.

The first reading is that Harrison Bragg is cutting a loss. He paid a premium for Drake London in August, London underperformed his projection by 8.32 in the only game he played, and rather than ride a disappointing asset Bragg converted him into a comparable producer plus two picks. Carnell Tate scored more in Week 1 than London did. On that reading this is a manager correcting a mistake quickly instead of defending it out of pride, which is a real skill and one most people in this league do not have.

The second reading is that this contradicts everything Fort Bragg has done for two months. You do not trade four players and a 3rd round pick for a centerpiece receiver in August and then sell him in September for late picks unless something has changed. And the thing that changed is the record. Fort Bragg is 0-1, scored 65.52, and is a loss away from the first 0-2 start in franchise history. That is one game of evidence. One.

I pick the second reading, and here is why. Look at what Bragg actually received. If this were a rebuild, the return would be aimed at 2027 and he would be selling Mark Andrews and Davante Adams and Travis Etienne too. He is not. If this were a win-now move, the return would be a player who improves Sunday's lineup, and Tate projects 2.52 below the man he replaced. The return fits neither theory. It is a transaction made by someone reacting to a bad week rather than executing a plan, and the tell is that the assets coming back do not serve either direction.

There is also a timing problem nobody has raised. DJ Moore is questionable with a shoulder he injured on Thursday night. Bragg's receiver room going into Sunday is Tate, Davante Adams coming off 5.60, Tre Tucker, Jahan Dotson, and Malachi Fields. He traded a starting receiver two days before a game he has to win, while his other starting receiver is on the injury report.

Claire's Verdict: Saxena solved a specific problem with the correct currency. Bragg solved a feeling. The first one wins games.

TOMMY ""T-BONE"" MANCINI: The Man Returned a Wide Receiver Inside the Thirty Day Window

I want to be clear that I am not mad. I am delighted. This is the funniest transaction of the season and I include the one where a guy renamed his team after a hockey player.

Harrison Bragg acquired Drake London in August with the energy of a man buying a boat. He told everybody. He gave up four players and a third round pick. The receiver room was going to be London and Evans and Moore and this desk wrote roughly nine thousand words about how nobody would sleep. I personally described it as a problem for the rest of the league.

Drake London then played one football game for Fort Bragg Confederates, caught enough passes to produce 5.50 fantasy points, and was returned to the store. FIVE WEEKS. He was on that roster for five weeks and one of them was a bye for everyone because the season had not started. The man had a longer relationship with Fort Bragg's practice squad than with its starting lineup.

And the return! A sixth and an eleventh! Harrison, my guy, you paid a THIRD for him. You have now turned a 3rd round pick into a 6th and an 11th, which in the pick-value literature is what we call losing. You did the fantasy football equivalent of trading a car for a bicycle and two coupons for a different bicycle.

Also I have to note that Fort Bragg had already sold its own 6th and 11th to The Vile Horrendous. So Bragg has spent the last two months selling picks in rounds 6 and 11 and has now spent his best receiver buying picks in rounds 6 and 11. He is running a pick laundering operation and the only thing getting cleaned out is his roster.

Obligatory Watermark check-in: Preston Schneider still rosters four tight ends and has still never made a trade. He scored 165.66 in Week 1 and leads his matchup right now. At this point I believe the man is winning specifically to spite me.

I ranked every roster in August by whether I would let them dogsit for my golden retriever, Captain Biscuit. Fort Bragg was in the would trust with the dog but not the house tier. I am revising. I would not let Harrison Bragg hold my dog's leash for five weeks, because apparently that is exactly how long he keeps things.

VALENTINA ROJAS: Five Weeks, One Game, and a Receiver Who Never Belonged to Anyone

Drake London caught passes for the Atlanta Falcons on the second Sunday of September and scored 5.50 points for a man who had spent four players and a third round pick to watch him do it. Twelve days later he belonged to somebody else. Nothing about his football changed. Only the names of the men who owned him, and the story each of them was telling himself when they signed.

Harrison Bragg bought Drake London in August because he had just won a championship and decided that was not enough. That is not a criticism. It is the most human thing a defending champion can do. You hold the trophy, you look at the roster that got it for you, and all you can see is where it nearly broke. So you spend. Henderson, Harvey, Addison, Egbuka, a 3rd round pick. You give up four young men and a piece of a future draft for one receiver who is supposed to be the answer, and for about five weeks you get to believe you have solved something.

Then you score 65.52 in Week 1, the lowest total in the league, and your quarterback posts a negative number, and every writer at this desk calls you the clown of the week. And the receiver you bet the farm on gives you 5.50.

I do not think this trade is about Drake London. I think it is about what a bad Sunday does to a man's conviction. Bragg did not stop believing in London after one game. He stopped believing in the version of himself that made the August trade, and London was the most expensive piece of evidence lying around.

On the other end of the phone was Shreyus Saxena, who had a much simpler week. He owns Josh Allen, who scored 40.82 in a new stadium on Thursday night. He is 1-0 and leading. And his best receiver, Nico Collins, is on injured reserve, which left him with three healthy wideouts and a Sunday he could not cover. He needed a receiver and he had picks he was never going to spend. There was no crisis of identity in it. He just made the call.

That is the whole difference between these two men this week. One of them traded because he knew exactly what was missing. The other traded because he could not stand to look at what he had.

Drake London will play on Sunday, in the same jersey, for the same team in Atlanta, and he will score whatever he scores. The third round pick that bought him is in Chicago now, still unused, waiting on a draft that is sixteen months away. Four players are scattered across two rosters. And the man who paid for all of it has a 6th, an 11th, and a game he has to win to avoid something that has never happened to him.

He will find out on Sunday whether any of it mattered.",,The MFGA Newsdesk
"Sep 20, 2026",Transaction Wire,"PICKUP: Fort Bragg Confederates grabs Ameer Abdullah (RB, JAX) as a free agent. Smart or desperate? Time will tell.",fort-bragg,"Jake ""The Wire"" Russo"
"Sep 20, 2026",Transaction Wire,"FA SIGNING: Pakistan Bombers scoops up Darnell Mooney (WR, NYG) from free agency. First come first served.",pakistan-bombers,"Jake ""The Wire"" Russo"
"Sep 20, 2026",Transaction Wire,CUT: Chris Moore (BAL WR) released by Pakistan Bombers. Someone else's treasure now.,pakistan-bombers,"Jake ""The Wire"" Russo"
"Sep 22, 2026",Transaction Wire,Free agent Konata Mumpfield (LAR WR) signs with Pakistan Bombers. Quick hands on the wire.,pakistan-bombers,"Jake ""The Wire"" Russo"
"Sep 22, 2026","MATCHUP BURN: Doob's Drops 167, Chicago Gets Evicted, and Bryce Young Watches Again","Vibe check: Matt Gingrich hung 167.68 and beat Zach by 89.18, which is not a fantasy score, that is a hostage situation. Liam survived Miles by 5.48 in the only game worth watching. Stephen scored 62.22, the lowest number this league has produced all season.

This league left 261.42 points on the bench, down from 350.70 in Week 1, which is growth the same way falling down eleven stairs instead of fourteen is growth. Three of the seven losers lost by less than they left in the closet.

THE LOSERS

ZACH EHRIG, Chicago Zestiest Man. 78.50. Lost to Matt 167.68. Margin 89.18.

Eighty-nine points. That is not a loss, that is an eviction notice.

JAXSON DART: 0.80. Projected 18.18. Started. His quarterback produced less than one point in a PPR league, so Zach would have been better off leaving the slot empty and letting the void take snaps.

The rest is a bread line. EMEKA EGBUKA 10.30, MIKE EVANS 8.40, BUCCANEERS D/ST 4.00, KENYON SADIQ 3.70. If that roster was a restaurant the health inspector would chain the doors and burn the building for insurance.

Here is the cruel part. Zach left only 7.00 on his bench and ran 91.8% efficiency. There was nothing to fix. He played his best available lineup and lost by 89. That is not a lineup problem, that is a roster problem.

STEPHEN CERQUONE, Starving Ethiopians. 62.22. Lost to Harrison 83.68. Margin 21.46.

Lowest score in the league for the second week running.

BRYCE YOUNG: 24.08. ON THE BENCH. AGAIN.

Young went 31.44 in a polo shirt in Week 1, so Stephen responded by starting DRAKE MAYE (8.02, projected 18.23) and benching Young a second time. That is 55.52 points of quarterback watched from his own couch across two weeks. At some point this stops being a mistake and becomes a lifestyle.

MIKE GESICKI: 0.00 in the flex. TUCKER KRAFT: 3.50. RACHAAD WHITE went 14.30 on the bench. He left 32.46 behind and lost by 21.46. Optimal 94.68 and he wins going away.

EVAN BROCKWAY, The Vile Horrendous. 81.68. Lost to Preston 114.52. Margin 32.84.

Evan left 41.40 on his bench, most in the league, for the second consecutive week. This man is building a shrine.

TRAVIS KELCE: 25.10. BENCHED. Last week he benched JALEN COKER (33.80) and ISAIAH LIKELY (27.80) and started Kelce for 10.10. So this week he corrected course by starting Likely (8.30) and benching Kelce. Lineup roulette with a fully loaded chamber.

MALIK NABERS: 1.10 on a 14.93 projection. JUSTIN HERBERT: 7.88 on 19.48. Quarterback and WR1 combined for 8.98. Optimal 123.08, actual 81.68, 66.4% efficiency. He wins by nine if he can operate a dropdown menu.

CARTER COLE, I Heart Gingers. 106.40. Lost to Drew 156.48. Margin 50.08.

Ja'Marr Chase remembered he was Ja'Marr Chase (26.50 after 3.20) and it bought Carter nothing.

RHAMONDRE STEVENSON: 3.60. J.K. DOBBINS in the flex: 3.60. Two running back slots, 7.20 combined. That backfield showed up to a bar fight with a pool noodle.

BENCH CRIME, part two of a continuing series: STEFON DIGGS 21.70 and GEORGE KITTLE 18.00 both sat. I wrote about Diggs being benched last week. Carter read it, nodded, and did it again. Maya Chen had this roster Tier 1 at 9.8 projected wins. They are 0-2.

ANDREW GROSSMAN, Amon Ra Dawgin. 82.16. Lost to Shreyus 125.92. Margin 43.76.

Last week Andrew was ""no notes."" This week his entire roster ate at the same gas station.

JUSTIN JEFFERSON: 8.50 on 18.36. TREVOR LAWRENCE: 6.16 on 15.91. JAVONTE WILLIAMS: 8.00 on 16.70. JAYDEN REED in the flex: 1.40. ALEC PIERCE: 2.10. Five starters, 26.16 points, every one under projection.

Only 7.80 on the bench. There was no crime here. Andrew played the right nine guys and they all died together, which is somehow worse.

LUCAS FAWCETT, Pakistan Bombers. 102.46. Lost to Josh P 130.90. Margin 28.44.

Rick ""The Hammer"" Dalton spent August calling this the best backfield this league has ever seen. Week 1 it went 64.00. Week 2 it went 21.40.

BIJAN ROBINSON: 11.10 on 22.93. ASHTON JEANTY: 10.30 on 18.33. COLSTON LOVELAND in the flex: 1.30, one week after going 0.00. Lucas looked at a zero and said run it back.

BENCH CRIME: DENZEL BOSTON 20.50 and JOSH DOWNS 14.20 in street clothes. He left 34.60 behind and lost by 28.44. Worst efficiency in the league at 74.8%.

MILES HUGHES, Pavel Dorofeyev. 107.98. Lost to Liam 113.46. Margin 5.48.

The most brutal loss on the board. MATTHEW STAFFORD: 26.98, after I put his 4.10 in print twice. AMON-RA ST. BROWN: 35.20. Miles left 2.40 on his bench, 97.8% efficiency, second best in the league.

LIONS D/ST: MINUS 4.00.

That is the entire game. A defense went negative four and he lost by 5.48. Miles built a trade roster, played it almost perfectly, and is 0-2 with 221.48 points, more than five teams with better records. That is not a fantasy team, that is a Greek tragedy with a kicker.

THE WINNERS

LIAM HUGHES, Mount Olympus. 113.46 over Miles 107.98. Margin 5.48.

DAK PRESCOTT 29.76 and CHRISTIAN McCAFFREY 22.60 did it. HARRISON BUTKER put up 16.00, a problem when your CHIEFS D/ST scores 1.00. TERRANCE FERGUSON went 17.40 on the bench while T.J. HOCKENSON started for 5.90. Left 14.60 behind, won by 5.48, should send Miles a fruit basket. 2-0 and nobody is talking about him.

HARRISON BRAGG, Fort Bragg Confederates. 83.68 over Stephen 62.22. Margin 21.46.

The defending champion is NOT 0-2. Put the pitchforks down. He started PATRICK MAHOMES this time (28.98) after benching him for 21.66 in Week 1. KYLER MURRAY sat on IR all week with the concussion, so that call made itself.

DJ MOORE: MINUS 0.10. Started. Last week Moore went 21.00 on Harrison's bench. TRE TUCKER went 22.90 in street clothes and Harrison left 24.80 behind. Fort Bragg is 1-1 with 149.20 points, dead last in scoring, and the six 2027 picks are still gone. The crown is on but it is crooked.

JOSH P, VancouverPantiesDeJarome. 130.90 over Lucas 102.46. Margin 28.44.

CEEDEE LAMB 35.30, BRANDON AUBREY 17.00, PARKER WASHINGTON 16.80 in the flex, VIKINGS D/ST 16.00 on a 3.86 projection. KYLE PITTS SR.: 2.50, second straight week. He left 38.60 on his bench including DALTON SCHULTZ (26.00, highest bench score in the league) and beat the preseason favorite anyway.

PRESTON SCHNEIDER, The Watermark. 114.52 over Evan 81.68. Margin 32.84.

Won without his quarterback. CALEB WILLIAMS put up 7.72 after 37.26 in Week 1, and Preston still cruised behind JAHMYR GIBBS 23.30, CHRIS OLAVE 22.60, CHASE McLAUGHLIN 16.00 and the RAMS D/ST at 11.00. TYLER SHOUGH went 22.38 on the bench. League-best 280.18 points. Maya had them Tier 3, ""bubble."" Tommy Mancini spent August mocking the Kayshon Boutte signing. Both should put the keyboard down.

SHREYUS SAXENA, Pluto Shraazinatorz. 125.92 over Andrew 82.16. Margin 43.76.

JOSH ALLEN: 40.82, second straight week roughly doubling his projection. JAKE FERGUSON went 20.30 after 2.60 in Week 1. CAMERON DICKER: 1.00, still the worst starter on a winning roster. Left 0.90 on the bench for 99.3% efficiency, best mark by anybody in any week this season.

DREW FLYNN, Englewood Ninjas. 156.48 over Carter 106.40. Margin 50.08.

JAXON SMITH-NJIGBA: 42.50 on an 18.49 projection. JONATHAN TAYLOR 29.20, BROCK PURDY 28.48, JAYLEN WADDLE 21.80 after going 1.20 in Week 1. Four starters over 21. Drew has beaten the defending champion and a Tier 1 roster in consecutive weeks.

MATT GINGRICH, Doob's Agency. 167.68 over Zach 78.50. Margin 89.18.

He started Christian Watson. HE STARTED CHRISTIAN WATSON. I dedicated a Dick of the Day and two columns to this man benching Watson, he finally did it, and Watson went 14.10, the least important number in this recap.

DAVANTE ADAMS: 39.50 IN THE FLEX. JARED GOFF: 29.78. KENNETH WALKER III: 23.80. PATRIOTS D/ST: 20.00. SAQUON BARKLEY went 3.00 on a 17.62 projection and Matt won by 89 anyway. The luckiest 1-0 in the league is now the scariest 2-0.

WEEKLY AWARDS

PLAYER OF THE WEEK: JAXON SMITH-NJIGBA, 42.50. Projected 18.49, more than doubled it, highest score by any player on any roster, started or benched.

BUST OF THE WEEK: JAXSON DART, 0.80 against 18.18. A 17.38-point crater from a starting quarterback. Dishonorable mention to SAQUON BARKLEY (3.00 on 17.62) and BIJAN ROBINSON (11.10 on 22.93).

MANAGER OF THE WEEK: MATT GINGRICH. League-high 167.68, 97.6% of his ceiling, an 89-point win, and he finally started the guys I have been screaming about. Honorable mention to SHREYUS SAXENA at 99.3%.

CLOWN OF THE WEEK: STEPHEN CERQUONE. Bryce Young scored 24.08 on his bench one week after scoring 31.44 on his bench. Fifty-five points of quarterback, two weeks, zero starts, and he lost by 21.46 while leaving 32.46 behind. Dishonorable mention: EVAN BROCKWAY and CARTER COLE, who benched Stefon Diggs again.

BLOWOUT OF THE WEEK: Matt 167.68 over Zach 78.50. Margin 89.18.

NAIL BITER OF THE WEEK: Liam 113.46 over Miles 107.98. Margin 5.48, decided by a defense that scored MINUS 4.00.

STAT LINE OF THE WEEK: DJ MOORE, MINUS 0.10, started by Harrison Bragg one week after Moore scored 21.00 on his bench. He benched the good version and started the version that owes him money. Second straight week the defending champion started a player who finished in the red.

UPDATED STANDINGS

EAST
1. Mount Olympus (Liam) 2-0, 218.56
2. Pakistan Bombers (Lucas) 1-1, 241.88
3. Fort Bragg Confederates (Harrison) 1-1, 149.20
4. Pavel Dorofeyev (Miles) 0-2, 221.48
5. Chicago Zestiest Man (Zach) 0-2, 200.80
6. The Vile Horrendous (Evan) 0-2, 181.94
7. Starving Ethiopians (Stephen) 0-2, 155.04

WEST
1. The Watermark (Preston) 2-0, 280.18
2. Doob's Agency (Matt) 2-0, 274.74
3. Pluto Shraazinatorz (Shreyus) 2-0, 260.58
4. Englewood Ninjas (Drew) 2-0, 254.78
5. Amon Ra Dawgin (Andrew) 1-1, 219.86
6. VancouverPantiesDeJarome (Josh P) 1-1, 207.76
7. I Heart Gingers (Carter) 0-2, 193.68

The West has four 2-0 teams and the four highest-scoring rosters in the league. Four of the five 0-2 teams live in the East.

STORYLINES TO TRACK

HARRISON IS 1-1, NOT 0-2. The doomsday column does not get written this week. But 149.20 points is dead last by 6.34, he left 24.80 on the bench, and he started a receiver who finished negative. The six traded picks are still gone and he is winning ugly against 0-2 teams.

FIVE TEAMS ARE 0-2. Stephen, Zach, Evan, Carter and Miles. In a 14-week season that is survivable, and the tell is points. Miles at 221.48 and Evan at 181.94 with a 123-point ceiling are unlucky. Stephen at 155.04 and Zach at 200.80 with a quarterback room on fire are not unlucky, they are bad.

THE BOMBERS ARE FRAUDS AT 1-1 AND THEY KNOW IT. Rick's best-backfield-ever went 21.40 combined. Worst efficiency in the league, and they left more on the bench than they lost by.

MILES AND THE TRADE ROSTER. Everybody wanted to know if the trade-built team would work. It has scored 221.48 in two weeks, third most in the East, and it is 0-2. The roster works. The schedule is a war crime.

THE PREDICTION DESK. EARL HUTCHINSON went 6/7, the best week anybody has had this season. RICO DELGADO went 4/7 but hit a lone wolf for the bonus and 7 total, the week's high score. Season: Earl and Rico tied at 11, Earl ahead on percentage at 11/14. Priya and Marcus 8, Gerald 7, Destiny 6, Sandy 5, Vinny 4. No perfect weeks yet.

AND ME. I went 1 for 7. I picked Stephen over Harrison, Carter over Drew, Andrew over Shreyus, Zach over Matt, and Lucas over Josh P. The only thing I got right was Preston. I said Miles wins if he benches Stafford. He started Stafford, Stafford went 26.98, and he lost anyway. Take the opposite of my picks. Frame this paragraph.

LOOKING AHEAD: WEEK 3

PLUTO SHRAAZINATORZ (2-0, 260.58) at DOOB'S AGENCY (2-0, 274.74). Best matchup of the week and it is not close. Two undefeated rosters, Josh Allen (40.82) against Jared Goff (29.78) and a Davante Adams who just went 39.50 out of a flex. Shreyus needs Dicker (1.00) to look like a kicker. PICK: Matt, because 167.68 with Barkley contributing nothing is terrifying.

THE WATERMARK (2-0, 280.18) at AMON RA DAWGIN (1-1, 219.86). Andrew needs Jefferson (8.50) and Lawrence (6.16) to remember their jobs. Preston needs Caleb Williams to pick a lane after 37.26 and 7.72. PICK: Preston, though Andrew is one Jefferson explosion from flipping it.

ENGLEWOOD NINJAS (2-0, 254.78) at PAVEL DOROFEYEV (0-2, 221.48). Must-win for Miles and the cruelest draw available. Miles needs St. Brown (35.20) and Stafford (26.98) to repeat and that Lions defense nowhere near his lineup. PICK: Drew, and if Miles goes 0-3 with this roster somebody should check on him.

PAKISTAN BOMBERS (1-1, 241.88) at CHICAGO ZESTIEST MAN (0-2, 200.80). Lucas needs Bijan and Jeanty to be the guys Rick promised. Zach needs any quarterback at all after Dart's 0.80. PICK: Lucas, and if the Bombers lose to an 0-2 roster the crown talk ends permanently.

THE VILE HORRENDOUS (0-2, 181.94) at FORT BRAGG (1-1, 149.20). Evan has the better roster, the worse record, and 85.70 left on his bench across two weeks. Harrison has the worst point total in the league. If Evan starts Kelce (25.10) and gets anything from Herbert (7.88) he wins by 20. PICK: Evan, must-win before 0-3 buries him.

I HEART GINGERS (0-2, 193.68) at VANCOUVERPANTIESDEJAROME (1-1, 207.76). Carter needs Stevenson (3.60) and Dobbins (3.60) to produce a pulse. Josh P needs Pitts (2.50) benched into the sun and Schultz (26.00) in the lineup. PICK: Carter, because Chase and Diggs starting the same week finally beats somebody.

STARVING ETHIOPIANS (0-2, 155.04) at MOUNT OLYMPUS (2-0, 218.56). Stephen has scored 92.82 and 62.22 with 55.52 points of Bryce Young on his bench. Liam has won two straight and nobody has noticed. PICK: Liam, unless Stephen starts Young, in which case PICK: Liam anyway.

Two weeks in, the West owns the top four scores, five teams are 0-2, and the defending champion is last in points at 1-1. This league left 261.42 points on the bench and three of the seven losers lost by less than they left behind. Set your damn lineups. Ask Stephen what two weeks of Bryce Young in a polo shirt buys you.",,"JoJo Martinez"
"Sep 22, 2026",Fawcett Now Owns Three Keeper Picks. Three Teams Own None.,"Three trades in forty-eight hours moved thirteen 2027 draft picks and four receivers. When it was over, one manager owned three Keeper round picks and three teams owned none.

It started with Stephen Cerquone. The Starving Ethiopians sent their 2027 Keeper round pick and their 4th to Pakistan Bombers and got back a 3rd, a 6th, a 10th and Mack Hollins. Before the league had finished arguing about it, Zach Ehrig made the same trade from the other side of the standings: Tank Dell, Chicago's Keeper pick, a 6th and a 10th to Lucas Fawcett for a 2nd and an 8th. Then Harrison Bragg and Matt Gingrich closed the week out, Fort Bragg sending its Keeper pick, a 10th and Davante Adams to Doob's Agency for Doob's own 2nd and Deebo Samuel Sr.

Two of those three deals ended in the same driveway. Pakistan Bombers started the week holding one Keeper round pick, the same as everybody else, and finished holding three. In a keeper league the Keeper round is the first round. The third deal was quieter and may be the sharpest anybody made.

""Let me count them, because everybody is describing this week and nobody is adding it up,"" said Maya Chen. ""There are fourteen Keeper round picks in the 2027 draft. Lucas Fawcett holds three: his own, Stephen's and Zach's. Matt Gingrich holds two: his own and Harrison's. Nine managers hold one. Three hold zero, and those three are Fort Bragg, Chicago Zestiest Man and the Starving Ethiopians. Every Keeper pick that moved this week moved toward a team already better than the one selling it.""

Rick ""The Hammer"" Dalton did not need a spreadsheet. ""Let me be absolutely clear about what just happened,"" he said. ""Fawcett walked into two rooms this week and walked out of both holding the best asset on the table. He bought the top of two other men's drafts with a 2nd, a 3rd, a 6th, an 8th and a 10th, picks he was never going to use, and threw in Mack Hollins as a tip. Three first round picks in a fourteen team keeper league, on the same roster as Hurts, Jeanty, Robinson, Nacua and McBride. I have been wrong before. Not often. I am not wrong here. This league had a year to stop him and it financed him instead. That's not a prediction, that's a promise.""

The shape of his board says the same thing. Fourteen picks with a crater in the middle: three Keepers, then nothing until a 4th. ""He sold every pick a normal manager uses for depth and kept only the ones worth a player,"" Maya said. ""That is not hoarding. This is sorted.""

Claire Westbrook was more interested in what each seller thought he was buying. ""Cerquone is 0-2 and has scored 155.04, second fewest in the league. He does not have a 2027 problem, he has a right now problem, and he turned an asset he cannot use this season into three picks and a body. That is coherent. It is also a total surrender of the one thing that would have made 2027 different, to the manager who beat him by 46 in Week 1.""

""Ehrig is the harder case,"" she went on. ""He is genuinely accumulating: sixteen picks, tied for the most in the league, including two 2nds, two 3rds and three 5ths. But this is the third straight time he has sold the scarcest thing on his roster for volume. Drake London in the offseason. Trey McBride last week. His Keeper pick now. A rebuild that trades scarcity for quantity ends with the deepest roster nobody fears.""

DeShawn ""Showtime"" Harris stopped being analytical around the second trade. ""THREE KEEPER PICKS! Does anybody in this league own a PHONE?! Stephen is 0-2 and he sold the front of his draft to the man who already beat him by 46! And then ZACH DID IT TOO! THE SAME DAY! And these two are PLAYING EACH OTHER THIS WEEK! Thirteen managers watched this happen live and not ONE called Stephen with a better offer! You are not being beaten, you are being SERVED. SHOWTIME'S SPICY TAKE: Fawcett owns the best roster in this league and now the top of the next draft, and the thirteen of you who allowed it do not get to complain in February. AND I SAID WHAT I SAID.""

The other number worth staring at belongs to Fort Bragg. ""They hold nine picks for 2027,"" Maya said. ""The next lowest team holds thirteen. Eight of Fort Bragg's own fourteen are sitting on other people's boards: the Keeper, a 2nd and a 10th at Doob's, a 6th and an 11th at The Vile Horrendous, a 3rd and a 5th at Chicago, a 7th at Beer. Three of the nine they still own are borrowed. They are 1-1 with 149.20 points, fewest in the league, and nothing behind it.""

Which is what makes the Adams trade the one Claire wanted to sit with. ""Bragg needed to win now, so judge it on this season alone and it is defensible. It has not aged well. Adams went 39.50 out of Gingrich's flex in Week 2 and Doob's put up a league-high 167.68 the same afternoon. Look across the table. Gingrich gave up exactly one pick, his own 2nd, and received a starting receiver, a 10th and a Keeper round pick. He is 2-0, he has scored 274.74, and he holds two of the fourteen first round picks in this league. Claire's Verdict: that third trade was Gingrich buying something that should never have been for sale, and it is the best deal of the week by a distance.""

Tommy ""T-Bone"" Mancini filed his from a safe distance. ""Fort Bragg's draft board is nine picks deep and I have seen wedding registries with more inventory. Harrison's draft is going to end before the pizza arrives. As for Lucas, he is not managing a fantasy team anymore, he is running a commodities desk. Keeper picks in, mid rounders out, a receiver tossed on the scale to balance the ticket. And a note for the record, because somebody has to keep one. The Watermark still holds all fourteen of its own 2027 picks, every line marked Own. Three trades in two days and Preston Schneider did not look up.""

Valentina Rojas closed the desk out. ""There is a version of this week that reads as a market working exactly as designed. Managers who cannot win in 2026 sold what they could not use, and managers who can win bought it. That is how a league breathes.

""Then there is the ledger. Cerquone sold his first round pick and his season was already finished. Ehrig sold his for a 2nd he will spend on somebody's fourth receiver. Bragg sold his for a wideout he will start eleven times. Three men gave away the one asset that cannot be replaced, and two of them mailed it to the same address.

""The Bombers and the Zestiest Man play each other this week. One of them just sold the other a first round pick. Whatever the scoreboard says, the receipt was written first. The league remembers.""",,The MFGA Newsdesk
"Sep 23, 2026",Transaction Wire,Off the wire: The Watermark adds Darren Waller from CAR. Could be a sneaky good move.,the-watermark,"Jake ""The Wire"" Russo"
"Sep 23, 2026",Transaction Wire,CUT: Colby Parkinson (LAR TE) released by The Watermark. Someone else's treasure now.,the-watermark,"Jake ""The Wire"" Russo"
"Sep 23, 2026",Transaction Wire,"CLAIMED: Zach Ertz (TE, FA) lands with Pakistan Bombers. The wire never sleeps.",pakistan-bombers,"Jake ""The Wire"" Russo"
"Sep 23, 2026",Transaction Wire,"PICKUP: Pakistan Bombers grabs Tyler Loop (K, BAL) as a free agent. Smart or desperate? Time will tell.",pakistan-bombers,"Jake ""The Wire"" Russo"
"Sep 23, 2026",Transaction Wire,"PICKUP: Pakistan Bombers grabs Michael Penix Jr. (QB, ATL) as a free agent. Smart or desperate? Time will tell.",pakistan-bombers,"Jake ""The Wire"" Russo"
"Sep 23, 2026",Transaction Wire,WAIVER ALERT: Emanuel Wilson (SEA RB) is heading to The Watermark. Interesting pickup.,the-watermark,"Jake ""The Wire"" Russo"
"Sep 23, 2026",Transaction Wire,"The Watermark parts ways with Corey Kiner (RB, NE). End of the road.",the-watermark,"Jake ""The Wire"" Russo"
"Sep 23, 2026",Transaction Wire,"WIRE: Chicago Zestiest Man claims Jameis Winston (QB, NYG) off waivers. Roster spot well spent if you ask me.",chicago-zestiest,"Jake ""The Wire"" Russo"
"Sep 23, 2026",Transaction Wire,CUT: Jalen Nailor (LV WR) released by Chicago Zestiest Man. Someone else's treasure now.,chicago-zestiest,"Jake ""The Wire"" Russo"
"Sep 23, 2026",Transaction Wire,"WIRE: Fort Bragg Confederates claims Keon Coleman (WR, BUF) off waivers. Roster spot well spent if you ask me.",fort-bragg,"Jake ""The Wire"" Russo"
"Sep 23, 2026",Transaction Wire,"Fort Bragg Confederates parts ways with Jahan Dotson (WR, ATL). End of the road.",fort-bragg,"Jake ""The Wire"" Russo"
"Sep 23, 2026",Transaction Wire,"WIRE: Chicago Zestiest Man claims Kirk Cousins (QB, LV) off waivers. Roster spot well spent if you ask me.",chicago-zestiest,"Jake ""The Wire"" Russo"
"Sep 23, 2026",Transaction Wire,"PICKUP: Pakistan Bombers grabs AJ Dillon (RB, CAR) as a free agent. Smart or desperate? Time will tell.",pakistan-bombers,"Jake ""The Wire"" Russo"
"Sep 23, 2026",Transaction Wire,"Pakistan Bombers parts ways with Raheim Sanders (RB, CLE). End of the road.",pakistan-bombers,"Jake ""The Wire"" Russo"
"Sep 23, 2026",Transaction Wire,Free agent Kaleb Johnson (GB RB) signs with Fort Bragg Confederates. Quick hands on the wire.,fort-bragg,"Jake ""The Wire"" Russo"
"Sep 23, 2026",Transaction Wire,"Fort Bragg Confederates parts ways with Kendre Miller (RB, NO). End of the road.",fort-bragg,"Jake ""The Wire"" Russo"
"Sep 23, 2026",Transaction Wire,"PICKUP: Amon Ra Dawgin grabs Panthers D/ST (D/ST, CAR) as a free agent. Smart or desperate? Time will tell.",amon-ra-dawgin,"Jake ""The Wire"" Russo"
